Chiffres détaillés - Séries historiques de population (1876 à 2018) ,,
Variables,,
Mise en ligne le 29/12/2020       Géographie au 01/01/2020,,
"©Insee       Source(s) : Insee, Recensements de la population.",,
,,
VAR_ID,VAR_LIB,VAR_LIB_LONG
CODGEO,Code géographique,Code du département suivi du numéro de commune ou du numéro d'arrondissement municipal
REG,Région,Code de la région
DEP,Département,Code du département
PMUN18,Population en 2018,Population municipale en 2018
PMUN17,Population en 2017,Population municipale en 2017
PMUN16,Population en 2016,Population municipale en 2016
PMUN15,Population en 2015,Population municipale en 2015
PMUN14,Population en 2014,Population municipale en 2014
PMUN13,Population en 2013,Population municipale en 2013
PMUN12,Population en 2012,Population municipale en 2012
PMUN11,Population en 2011,Population municipale en 2011
PMUN10,Population en 2010,Population municipale en 2010
PMUN09,Population en 2009,Population municipale en 2009
PMUN08,Population en 2008,Population municipale en 2008
PMUN07,Population en 2007,Population municipale en 2007
PMUN06,Population en 2006,Population municipale en 2006
PSDC99,Population en 1999,Population sans double compte en 1999
PSDC90,Population en 1990,Population sans double compte en 1990
PSDC82,Population en 1982,Population sans double compte en 1982
PSDC75,Population en 1975,Population sans double compte en 1975
PSDC68,Population en 1968,Population sans double compte en 1968
PSDC62,Population en 1962,Population sans double compte en 1962
PTOT54,Population en 1954,Population totale en 1954
PTOT36,Population en 1936,Population totale en 1936
PTOT1931,Population en 1931,Population totale en 1931
PTOT1926,Population en 1926,Population totale en 1926
PTOT1921,Population en 1921,Population totale en 1921
PTOT1911,Population en 1911,Population totale en 1911
PTOT1906,Population en 1906,Population totale en 1906
PTOT1901,Population en 1901,Population totale en 1901
PTOT1896,Population en 1896,Population totale en 1896
PTOT1891,Population en 1891,Population totale en 1891
PTOT1886,Population en 1886,Population totale en 1886
PTOT1881,Population en 1881,Population totale en 1881
PTOT1876,Population en 1876,Population totale en 1876
