mesure,croisement,filtre_stat,filtre_geo,nom_tab,GEO2021FILO2018,GEO2020FILO2018,GEO2020FILO2017
NBMEN,INDICS_FILO_DISP,,FILO_NM50_NP100,REV T1,x,x,x
NBPERS,INDICS_FILO_DISP,,FILO_NM50_NP100,REV T1,x,x,x
MEDIANE,INDICS_FILO_DISP,,FILO_NM50_NP100,REV T1,x,x,x
D1,INDICS_FILO_DISP_DET,,FILO_NM1000_NP2000,REV T3,x,x,x
D9,INDICS_FILO_DISP_DET,,FILO_NM1000_NP2000,REV T3,x,x,x
RD,INDICS_FILO_DISP_DET,,FILO_NM1000_NP2000,REV T3,x,x,x
TP60,INDICS_FILO_DISP_DET-TRAGERF,,FILO_NM1000_NP2000,REV G1,x,x,x
TP60,INDICS_FILO_DISP_DET-OCCTYPR,,FILO_NM1000_NP2000,REV G2,x,x,x
TP60,INDICS_FILO_DISP_DET,,FILO_NM1000_NP2000,REV G1,x,x,x
PTSA,INDICS_FILO_DISP_DET,,FILO_NM1000_NP2000,REV T2,x,x,x
PCHO,INDICS_FILO_DISP_DET,,FILO_NM1000_NP2000,REV T2,x,x,x
PBEN,INDICS_FILO_DISP_DET,,FILO_NM1000_NP2000,REV T2,x,x,x
PPEN,INDICS_FILO_DISP_DET,,FILO_NM1000_NP2000,REV T2,x,x,x
PPAT,INDICS_FILO_DISP_DET,,FILO_NM1000_NP2000,REV T2,x,x,x
PPSOC,INDICS_FILO_DISP_DET,,FILO_NM1000_NP2000,REV T2,x,x,x
PPFAM,INDICS_FILO_DISP_DET,,FILO_NM1000_NP2000,REV T2,x,x,x
PPMINI,INDICS_FILO_DISP_DET,,FILO_NM1000_NP2000,REV T2,x,x,x
PPLOGT,INDICS_FILO_DISP_DET,,FILO_NM1000_NP2000,REV T2,x,x,x
PIMPOT,INDICS_FILO_DISP_DET,,FILO_NM1000_NP2000,REV T2,x,x,x
PIMP,INDICS_FILO_DEC_DET,,FILO_NM1000_NP2000,REV T1,x,x,x
