mesure,croisement,filtre_stat,filtre_geo,nom_tab,GEO2020REE2019,GEO2020REE2018,GEO2019REE2018,GEO2020REE2017,GEO2019REE2017,GEO2017REE2017,GEO2020REE2016,GEO2019REE2016,GEO2017REE2016,REE2016,GEO2020REE2015,GEO2019REE2015,GEO2017REE2015,REE2015,GEO2020REE2014,GEO2019REE2014,GEO2017REE2014,REE2014,GEO2020REE2013,GEO2019REE2013,GEO2017REE2013,REE2013,GEO2020REE2012,GEO2019REE2012,GEO2017REE2012,REE2012,GEO2020REE2011,GEO2019REE2011,GEO2017REE2011,REE2011,GEO2020REE2010,GEO2019REE2010,GEO2017REE2010,REE2010,GEO2019REE2009,GEO2017REE2009,REE2009
NBCRENT,NA10_HORS_AZ-ENTR_INDIVIDUELLE,hors agriculture,F,DEN T1,x,,x,,,x,,,,x,,,,x,,,,x,,,,x,,,,x,,,,x,,,,x,,,x
NBCRENT,NA5_B-ENTR_INDIVIDUELLE,hors agriculture,F,DEN T1,,,x,,,x,,,,x,,,,x,,,,x,,,,x,,,,x,,,,x,,,,x,,,x
NBCRENT,NA5-ENTR_INDIVIDUELLE,hors agriculture,F,DEN T1,,,,,,,,,,,,,,,,,,x,,,,x,,,,x,,,,x,,,,x,,,x
NBCRENT,ENTR_INDIVIDUELLE,hors agriculture,F,DEN G1,,x,,x,x,,x,x,x,,x,x,x,,x,x,x,,x,x,x,,x,x,x,,x,x,x,,x,x,x,,x,x,
NBCRENT_COM_REP_AUTO,ENTR_INDIVIDUELLE,hors agriculture,F,DEN T2,,,,,,,,,,,,,,,,,,x,,,,x,,,,x,,,,,,,,,,,
NBCRET,NA10_HORS_AZ,hors agriculture,F,DEN T4,x,x,x,x,x,x,x,x,x,x,x,x,x,x,x,x,x,x,x,x,x,x,x,x,x,x,x,x,x,x,x,x,x,x,x,x,x
NBCRET,NA5_B,hors agriculture,F,DEN T4,,,x,,x,x,,x,x,x,,x,x,x,,x,x,x,,x,x,x,,x,x,x,,x,x,x,,x,x,x,x,x,x
NBCRET,NA5,hors agriculture,F,DEN T4,,,,,,,,,,,,,,,,,,x,,,,x,,,,x,,,,x,,,,x,,,x
NBCRET_COM_REP_AUTO,NA5,hors agriculture,F,DEN T4,,,,,,,,,,,,,,,,,,x,,,,x,,,,x,,,,,,,,,,,
NBET,NA10_HORS_AZ,hors agriculture,F,DEN T5,x,,x,,,x,,,,x,,,,x,,,,,,,,,,,,,,,,,,,,,,,
NBET,NA5_B,hors agriculture,F,DEN T5,,,x,,,x,,,,x,,,,x,,,,,,,,,,,,,,,,,,,,,,,
NBET,NA5,hors agriculture,F,DEN T5,,,,,,,,,,,,,,,,,,x,,,,x,,,,x,,,,,,,,,,,
NBET_COM_REP_AUTO,NA5,hors agriculture,F,DEN T5,,,,,,,,,,,,,,,,,,x,,,,x,,,,x,,,,,,,,,,,
NBENT,NA10_HORS_AZ,hors agriculture,F,DEN T3,x,,x,,,x,,,,x,,,,x,,,,,,,,,,,,,,,,,,,,,,,
NBENT,NA5_B,hors agriculture,F,DEN T3,,,x,,,x,,,,x,,,,x,,,,,,,,,,,,,,,,,,,,,,,
NBENT,NA5,hors agriculture,F,DEN T3,,,,,,,,,,,,,,,,,,x,,,,x,,,,x,,,,,,,,,,,
NBENT,ANCENTRR,hors agriculture,F,DEN G2,,,,,,,,,,,,,,,,,,x,,,,x,,,,x,,,,,,,,,,,
NBENT_COM_REP_AUTO,NA5,hors agriculture,F,DEN T3,,,,,,,,,,,,,,,,,,x,,,,x,,,,x,,,,,,,,,,,
