variable,lib_var,modalite,lib_modalite,GEO2020TOUR2021,GEO2020TOUR2020,GEO2019TOUR2019,TOUR2019,TOUR2018,TOUR2017,TOUR2016,TOUR2015,TOUR2014,TOUR2013
ETOILE,Nombre d'étoiles d'un hébergement touristique,NC,Non classé,x,x,x,x,x,x,x,x,x,x
ETOILE,Nombre d'étoiles d'un hébergement touristique,1,1 étoile,x,x,x,x,x,x,x,x,x,x
ETOILE,Nombre d'étoiles d'un hébergement touristique,2,2 étoiles,x,x,x,x,x,x,x,x,x,x
ETOILE,Nombre d'étoiles d'un hébergement touristique,3,3 étoiles,x,x,x,x,x,x,x,x,x,x
ETOILE,Nombre d'étoiles d'un hébergement touristique,4,4 étoiles,x,x,x,x,x,x,x,x,x,x
ETOILE,Nombre d'étoiles d'un hébergement touristique,5,5 étoiles,x,x,x,x,x,x,x,x,x,x
ETOILE,Nombre d'étoiles d'un hébergement touristique,ENS,Ensemble                                                                                                                                                                                                ,x,x,x,x,x,x,x,x,x,x
HEBCOLL_SANS_HOTCPG,"Hébergement collectif, hors hôtel et camping",VVMF,Village vacances - Maison familiale,,,,,,,,,x,
HEBCOLL_SANS_HOTCPG,"Hébergement collectif, hors hôtel et camping",AUBJ,Auberge de jeunesse - Centre international de séjour,,,,,,,,,x,
HEBCOLL_SANS_HOTCPG,"Hébergement collectif, hors hôtel et camping",RTRH,Résidence de tourisme - Résidence hotelière,,,,,,,,,x,
HEBCOLL_SANS_HOTCPG,"Hébergement collectif, hors hôtel et camping",CSPO,Centre sportif,,,,,,,,,x,
HEBCOLL_SANS_HOTCPG,"Hébergement collectif, hors hôtel et camping",ENS,Ensemble,,,,,,,,,x,
HEBCOLL_SANS_HOTCPG,"Hébergement collectif, hors hôtel et camping",VVMF,Village vacances - Maison familiale                                                                                                                                                                     ,x,x,x,x,x,x,x,x,,
HEBCOLL_SANS_HOTCPG,"Hébergement collectif, hors hôtel et camping",AJCS,Auberge de jeunesse - Centre sportif                                                                                                                                                                    ,x,x,x,x,x,x,x,x,,
HEBCOLL_SANS_HOTCPG,"Hébergement collectif, hors hôtel et camping",RTRH,Résidence de tourisme et hébergements assimilés                                                                                                                                                         ,x,x,x,x,x,x,x,x,,
HEBCOLL_SANS_HOTCPG,"Hébergement collectif, hors hôtel et camping",ENS,Ensemble                                                                                                                                                                                                ,x,x,x,x,x,x,x,x,,
INDICS_TOURISME,Indicateurs de la source Tourisme,MOD1,1,,,,,,,,,,x
