variable,lib_var,modalite,lib_modalite,GEO2021FILO2018,GEO2020FILO2018,GEO2020FILO2017
INDICS_FILO_DISP,Indicateur de revenus disponibles,1,modalité unique,x,x,x
INDICS_FILO_DISP_DET,Indicateur de revenus disponibles détaillés,1,modalité unique,x,x,x
INDICS_FILO_DEC_DET,Indicateur de revenus déclarés détaillés,1,modalité unique,x,x,x
TRAGERF,Tranche d'âge du référent fiscal,1,Moins de 30 ans,x,x,x
TRAGERF,Tranche d'âge du référent fiscal,2,De 30 à 39 ans,x,x,x
TRAGERF,Tranche d'âge du référent fiscal,3,De 40 à 49 ans,x,x,x
TRAGERF,Tranche d'âge du référent fiscal,4,De 50 à 59 ans,x,x,x
TRAGERF,Tranche d'âge du référent fiscal,5,De 60 à 74 ans,x,x,x
TRAGERF,Tranche d'âge du référent fiscal,6,75 ans ou plus,x,x,x
TRAGERF,Tranche d'âge du référent fiscal,ENS,Ensemble,x,x,x
OCCTYPR,Type d'occupation du logement regroupé,1,Propriétaire,x,x,x
OCCTYPR,Type d'occupation du logement regroupé,2,Locataire regroupé,x,x,x
