mesure,croisement,filtre_stat,filtre_geo,nom_tab,GEO2020TOUR2021,GEO2020TOUR2020,GEO2019TOUR2019,TOUR2019,TOUR2018,TOUR2017,TOUR2016,TOUR2015,TOUR2014,TOUR2013
NBCAMPING,ETOILE,,FHM,TOU T2,x,x,x,x,x,x,x,x,x,x
NBCHAMBRE_HOTEL,ETOILE,,FHM,TOU T1,x,x,x,x,x,x,x,x,x,
NBEMPL_CAMPING,ETOILE,,FHM,TOU T2,x,x,x,x,x,x,x,x,x,x
NBHEB,HEBCOLL_SANS_HOTCPG,,FHM,TOU T3,x,x,x,x,x,x,x,x,x,
NBHOTEL,ETOILE,,FHM,TOU T1,x,x,x,x,x,x,x,x,x,
NBLIT,HEBCOLL_SANS_HOTCPG,,FHM,TOU T3,x,x,x,x,x,x,x,x,x,
NBLOCEMPL,ETOILE,,FHM,,x,x,x,x,x,x,x,x,x,x
NBOFEMP,ETOILE,,FHM,,x,x,x,x,x,x,x,x,x,x
NBUH,HEBCOLL_SANS_HOTCPG,,FHM,,x,x,x,x,x,x,x,x,x,
NBHOTEL,INDICS_TOURISME,,FHM,TOU T1,,,,,,,,,,x
NBCHAMBRE_HOTEL,INDICS_TOURISME,,FHM,TOU T1,,,,,,,,,,x
