mesure,lib_mesure
SUPERFICIE,Superficie
PSDC68,Population 1968
PSDC75,Population 1975
PSDC82,Population 1982
PSDC90,Population 1990
PSDC99,Population 1999
PMUN06,Population 2006
PMUN07,Population 2007
PMUN08,Population 2008
PMUN09,Population 2009
PMUN10,Population 2010
PMUN11,Population 2011
PMUN12,Population 2012
PMUN13,Population 2013
PMUN14,Population 2014
PMUN15,Population 2015
PMUN16,Population 2016
PMUN17,Population 2017
PMUN18,Population 2018
NRES68,Nombre de résidences principales 1968
NRES75,Nombre de résidences principales 1975
NRES82,Nombre de résidences principales 1982
NRES90,Nombre de résidences principales 1990
NRES99,Nombre de résidences principales 1999
NRES06,Nombre de résidences principales 2006
NRES07,Nombre de résidences principales 2007
NRES08,Nombre de résidences principales 2008
NRES09,Nombre de résidences principales 2009
NRES10,Nombre de résidences principales 2010
NRES11,Nombre de résidences principales 2011
NRES12,Nombre de résidences principales 2012
NRES13,Nombre de résidences principales 2013
NRES14,Nombre de résidences principales 2014
NRES15,Nombre de résidences principales 2015
NRES16,Nombre de résidences principales 2016
NRES17,Nombre de résidences principales 2017
NRES18,Nombre de résidences principales 2018
NLOG68,Nombre de logements en 1968
NLOG75,Nombre de logements en 1975
NLOG82,Nombre de logements en 1982
NLOG90,Nombre de logements en 1990
NLOG99,Nombre de logements en 1999
NLOG06,Nombre de logements en 2006
NLOG07,Nombre de logements en 2007
NLOG08,Nombre de logements en 2008
NLOG09,Nombre de logements en 2009
NLOG10,Nombre de logements en 2010
NLOG11,Nombre de logements en 2011
NLOG12,Nombre de logements en 2012
NLOG13,Nombre de logements en 2013
NLOG14,Nombre de logements en 2014
NLOG15,Nombre de logements en 2015
NLOG16,Nombre de logements en 2016
NLOG17,Nombre de logements en 2017
NLOG18,Nombre de logements en 2018
NSEC68,Nombre de résidences secondaires et occasionnelles 1968
NSEC75,Nombre de résidences secondaires et occasionnelles 1975
NSEC82,Nombre de résidences secondaires et occasionnelles 1982
NSEC90,Nombre de résidences secondaires et occasionnelles 1990
NSEC99,Nombre de résidences secondaires et occasionnelles 1999
NSEC06,Nombre de résidences secondaires et occasionnelles 2006
NSEC07,Nombre de résidences secondaires et occasionnelles 2007
NSEC08,Nombre de résidences secondaires et occasionnelles 2008
NSEC09,Nombre de résidences secondaires et occasionnelles 2009
NSEC10,Nombre de résidences secondaires et occasionnelles 2010
NSEC11,Nombre de résidences secondaires et occasionnelles 2011
NSEC12,Nombre de résidences secondaires et occasionnelles 2012
NSEC13,Nombre de résidences secondaires et occasionnelles 2013
NSEC14,Nombre de résidences secondaires et occasionnelles 2014
NSEC15,Nombre de résidences secondaires et occasionnelles 2015
NSEC16,Nombre de résidences secondaires et occasionnelles 2016
NSEC17,Nombre de résidences secondaires et occasionnelles 2017
NSEC18,Nombre de résidences secondaires et occasionnelles 2018
NVAC68,Nombre de logements vacants 1968
NVAC75,Nombre de logements vacants 1975
NVAC82,Nombre de logements vacants 1982
NVAC90,Nombre de logements vacants 1990
NVAC99,Nombre de logements vacants 1999
NVAC06,Nombre de logements vacants 2006
NVAC07,Nombre de logements vacants 2007
NVAC08,Nombre de logements vacants 2008
NVAC09,Nombre de logements vacants 2009
NVAC10,Nombre de logements vacants 2010
NVAC11,Nombre de logements vacants 2011
NVAC12,Nombre de logements vacants 2012
NVAC13,Nombre de logements vacants 2013
NVAC14,Nombre de logements vacants 2014
NVAC15,Nombre de logements vacants 2015
NVAC16,Nombre de logements vacants 2016
NVAC17,Nombre de logements vacants 2017
NVAC18,Nombre de logements vacants 2018
PRES68,Population des résidences principales 1968
PRES75,Population des résidences principales 1975
PRES82,Population des résidences principales 1982
PRES90,Population des résidences principales 1990
PRES99,Population des résidences principales 1999
PRES06,Population des résidences principales 2006
PRES07,Population des résidences principales 2007
PRES08,Population des résidences principales 2008
PRES09,Population des résidences principales 2009
PRES10,Population des résidences principales 2010
PRES11,Population des résidences principales 2011
PRES12,Population des résidences principales 2012
PRES13,Population des résidences principales 2013
PRES14,Population des résidences principales 2014
PRES15,Population des résidences principales 2015
PRES16,Population des résidences principales 2016
PRES17,Population des résidences principales 2017
PRES18,Population des résidences principales 2018
NAIS75,Naissances de 1968 à 1975
NAIS82,Naissances de 1975 à 1982
NAIS90,Naissances de 1982 à 1990
NAIS99,Naissances de 1990 à 1999
NAIS9906,Naissances de 1999 à 2006
NAIS9907,Naissances de 1999 à 2007
NAIS9908,Naissances de 1999 à 2008
NAIS9909,Naissances de 1999 à 2009
NAIS0610,Naissances de 2006 à 2010
NAIS0711,Naissances de 2007 à 2011
NAIS0812,Naissances de 2008 à 2012
NAIS0913,Naissances de 2009 à 2013
NAIS1014,Naissances de 2010 à 2014
NAIS1115,Naissances de 2011 à 2015
NAIS1216,Naissances de 2012 à 2016
NAIS1317,Naissances de 2013 à 2017
DECE75,Décès de 1968 à 1975
DECE82,Décès de 1975 à 1982
DECE90,Décès de 1982 à 1990
DECE99,Décès de 1990 à 1999
DECE9906,Décès de 1999 à 2006
DECE9907,Décès de 1999 à 2007
DECE9908,Décès de 1999 à 2008
DECE9909,Décès de 1999 à 2009
DECE0610,Décès de 2006 à 2010
DECE0711,Décès de 2007 à 2011
DECE0812,Décès de 2008 à 2012
DECE0913,Décès de 2009 à 2013
DECE1014,Décès de 2010 à 2014
DECE1115,Décès de 2011 à 2015
DECE1216,Décès de 2012 à 2016
DECE1317,Décès de 2013 à 2017
