mesure,lib_mesure
NBCRENT,Nombre de créations d'entreprises
NBCRENT_COM_REP_AUTO,Nombre de créations d'entreprises dans le commerce et la réparation automobile
NBCRET,Nombre de créations d'établissements
NBCRET_COM_REP_AUTO,Nombre de créations d'établissements dans le commerce et la réparation automobile
NBENT,Nombre d'entreprises
NBENT_COM_REP_AUTO,Nombre d'entreprises dans le commerce et la réparation automobile
NBET,Nombre d'établissements
NBET_COM_REP_AUTO,Nombre d'établissements dans le commerce et la réparation automobile
