variable,lib_var,modalite,lib_modalite,GEO2021REE2020,GEO2021REE2019,GEO2020REE2019,GEO2021REE2018,GEO2020REE2018,GEO2019REE2018,GEO2021REE2017,GEO2020REE2017,GEO2019REE2017,GEO2017REE2017,GEO2021REE2016,GEO2020REE2016,GEO2019REE2016,GEO2017REE2016,REE2016,GEO2021REE2015,GEO2020REE2015,GEO2019REE2015,GEO2017REE2015,REE2015,GEO2021REE2014,GEO2020REE2014,GEO2019REE2014,GEO2017REE2014,REE2014,GEO2021REE2013,GEO2020REE2013,GEO2019REE2013,GEO2017REE2013,REE2013,GEO2021REE2012,GEO2020REE2012,GEO2019REE2012,GEO2017REE2012,REE2012,GEO2021REE2011,GEO2020REE2011,GEO2019REE2011,GEO2017REE2011,REE2011,GEO2020REE2010,GEO2019REE2010,GEO2017REE2010,REE2010,GEO2019REE2009,GEO2017REE2009,REE2009
ENTR_INDIVIDUELLE,Entreprise individuelle,1,Oui,x,x,x,x,x,x,x,x,x,x,x,x,x,x,x,x,x,x,x,x,x,x,x,x,x,x,x,x,x,x,x,x,x,x,x,x,x,x,x,x,x,x,x,x,x,x,x
ENTR_INDIVIDUELLE,Entreprise individuelle,2,Non,x,x,x,x,x,x,x,x,x,x,x,x,x,x,x,x,x,x,x,x,x,x,x,x,x,x,x,x,x,x,x,x,x,x,x,x,x,x,x,x,x,x,x,x,x,x,x
ENTR_INDIVIDUELLE,Entreprise individuelle,ENS,Ensemble,x,x,x,x,x,x,x,x,x,x,x,x,x,x,x,x,x,x,x,x,x,x,x,x,x,x,x,x,x,x,x,x,x,x,x,x,x,x,x,x,x,x,x,x,x,x,x
NA5,"Activité économique agrégée en 5 postes (NA, 2008)",BE,Industrie,,,,,,,,,,,,,,,,,,,,,,,,,x,,,,,x,,,,,x,,,,,x,,,,x,,,x
NA5,"Activité économique agrégée en 5 postes (NA, 2008)",FZ,Construction,,,,,,,,,,,,,,,,,,,,,,,,,x,,,,,x,,,,,x,,,,,x,,,,x,,,x
NA5,"Activité économique agrégée en 5 postes (NA, 2008)",GU,"Commerce, transports, services divers",,,,,,,,,,,,,,,,,,,,,,,,,x,,,,,x,,,,,x,,,,,x,,,,x,,,x
NA5,"Activité économique agrégée en 5 postes (NA, 2008)",OQ,"Administration publique, enseignement, santé, action sociale",,,,,,,,,,,,,,,,,,,,,,,,,x,,,,,x,,,,,x,,,,,x,,,,x,,,x
NA5,"Activité économique agrégée en 5 postes (NA, 2008)",ENS,Ensemble,,,,,,,,,,,,,,,,,,,,,,,,,x,,,,,x,,,,,x,,,,,x,,,,x,,,x
ANCENTRR,"Ancienneté de l'entreprise, regroupée",0,Moins d'un an,,,,,,,,,,,,,,,,,,,,,,,,,x,,,,,x,,,,,x,,,,,,,,,,,,
ANCENTRR,"Ancienneté de l'entreprise, regroupée",1,1 an,,,,,,,,,,,,,,,,,,,,,,,,,x,,,,,x,,,,,x,,,,,,,,,,,,
ANCENTRR,"Ancienneté de l'entreprise, regroupée",2,2 ans,,,,,,,,,,,,,,,,,,,,,,,,,x,,,,,x,,,,,x,,,,,,,,,,,,
ANCENTRR,"Ancienneté de l'entreprise, regroupée",3,3 ans,,,,,,,,,,,,,,,,,,,,,,,,,x,,,,,x,,,,,x,,,,,,,,,,,,
ANCENTRR,"Ancienneté de l'entreprise, regroupée",4,4 ans,,,,,,,,,,,,,,,,,,,,,,,,,x,,,,,x,,,,,x,,,,,,,,,,,,
ANCENTRR,"Ancienneté de l'entreprise, regroupée",5,5 ans,,,,,,,,,,,,,,,,,,,,,,,,,x,,,,,x,,,,,x,,,,,,,,,,,,
ANCENTRR,"Ancienneté de l'entreprise, regroupée",6,6 à 9 ans,,,,,,,,,,,,,,,,,,,,,,,,,x,,,,,x,,,,,x,,,,,,,,,,,,
ANCENTRR,"Ancienneté de l'entreprise, regroupée",7,10 ans et plus,,,,,,,,,,,,,,,,,,,,,,,,,x,,,,,x,,,,,x,,,,,,,,,,,,
ANCENTRR,"Ancienneté de l'entreprise, regroupée",ENS,Ensemble,,,,,,,,,,,,,,,,,,,,,,,,,x,,,,,x,,,,,x,,,,,,,,,,,,
NA5_B,"Activité économique en 5 postes, nouvelle répartition",BE,Industrie,,,,,,x,,,x,x,,,x,x,x,,,x,x,x,,,x,x,x,,,x,x,x,,,x,x,x,,,x,x,x,,x,x,x,x,x,x
NA5_B,"Activité économique en 5 postes, nouvelle répartition",FZ,Construction,,,,,,x,,,x,x,,,x,x,x,,,x,x,x,,,x,x,x,,,x,x,x,,,x,x,x,,,x,x,x,,x,x,x,x,x,x
NA5_B,"Activité économique en 5 postes, nouvelle répartition",GI,"Commerce, transport, hébergement et restauration",,,,,,x,,,x,x,,,x,x,x,,,x,x,x,,,x,x,x,,,x,x,x,,,x,x,x,,,x,x,x,,x,x,x,x,x,x
NA5_B,"Activité économique en 5 postes, nouvelle répartition",JN,Services aux entreprises,,,,,,x,,,x,x,,,x,x,x,,,x,x,x,,,x,x,x,,,x,x,x,,,x,x,x,,,x,x,x,,x,x,x,x,x,x
NA5_B,"Activité économique en 5 postes, nouvelle répartition",PS,Services aux particuliers,,,,,,x,,,x,x,,,x,x,x,,,x,x,x,,,x,x,x,,,x,x,x,,,x,x,x,,,x,x,x,,x,x,x,x,x,x
NA5_B,"Activité économique en 5 postes, nouvelle répartition",ENS,Ensemble,,,,,,x,,,x,x,,,x,x,x,,,x,x,x,,,x,x,x,,,x,x,x,,,x,x,x,,,x,x,x,,x,x,x,x,x,x
NA10_HORS_AZ,"Activité économique en 10 postes, hors AZ (NA - A10)",BE,"Industrie manufacturière, industries extractives  et autres",x,x,x,x,x,,x,x,,,x,x,,,,x,x,,,,x,x,,,,x,x,,,,x,x,,,,x,x,,,,x,,,,,,
NA10_HORS_AZ,"Activité économique en 10 postes, hors AZ (NA - A10)",FZ,Construction,x,x,x,x,x,,x,x,,,x,x,,,,x,x,,,,x,x,,,,x,x,,,,x,x,,,,x,x,,,,x,,,,,,
NA10_HORS_AZ,"Activité économique en 10 postes, hors AZ (NA - A10)",GI,"Commerce de gros et de détail, transports, hébergement et restauration",x,x,x,x,x,,x,x,,,x,x,,,,x,x,,,,x,x,,,,x,x,,,,x,x,,,,x,x,,,,x,,,,,,
NA10_HORS_AZ,"Activité économique en 10 postes, hors AZ (NA - A10)",JZ,Information et communication,x,x,x,x,x,,x,x,,,x,x,,,,x,x,,,,x,x,,,,x,x,,,,x,x,,,,x,x,,,,x,,,,,,
NA10_HORS_AZ,"Activité économique en 10 postes, hors AZ (NA - A10)",KZ,Activités financières et d'assurance,x,x,x,x,x,,x,x,,,x,x,,,,x,x,,,,x,x,,,,x,x,,,,x,x,,,,x,x,,,,x,,,,,,
NA10_HORS_AZ,"Activité économique en 10 postes, hors AZ (NA - A10)",LZ,Activités immobilières,x,x,x,x,x,,x,x,,,x,x,,,,x,x,,,,x,x,,,,x,x,,,,x,x,,,,x,x,,,,x,,,,,,
NA10_HORS_AZ,"Activité économique en 10 postes, hors AZ (NA - A10)",MN,"Activités spécialisées, scientifiques et techniques et activités de services administratifs et de soutien",x,x,x,x,x,,x,x,,,x,x,,,,x,x,,,,x,x,,,,x,x,,,,x,x,,,,x,x,,,,x,,,,,,
NA10_HORS_AZ,"Activité économique en 10 postes, hors AZ (NA - A10)",OQ,"Administration publique, enseignement, santé humaine et action sociale",x,x,x,x,x,,x,x,,,x,x,,,,x,x,,,,x,x,,,,x,x,,,,x,x,,,,x,x,,,,x,,,,,,
NA10_HORS_AZ,"Activité économique en 10 postes, hors AZ (NA - A10)",RU,Autres activités de services,x,x,x,x,x,,x,x,,,x,x,,,,x,x,,,,x,x,,,,x,x,,,,x,x,,,,x,x,,,,x,,,,,,
NA10_HORS_AZ,"Activité économique en 10 postes, hors AZ (NA - A10)",ENS,Ensemble,x,x,x,x,x,,x,x,,,x,x,,,,x,x,,,,x,x,,,,x,x,,,,x,x,,,,x,x,,,,x,,,,,,
