mesure,croisement,filtre_stat,filtre_geo,nom_tab,BDCOM2018,BDCOM2017,BDCOM2016,BDCOM2015,BDCOM2014,BDCOM2013,BDCOM2012
SUPERFICIE,INDICS_BDCOM,,FHM,POP T1,x,x,x,x,x,x,x
PSDC68,INDICS_BDCOM,,FHM,POP T1,x,x,x,x,x,x,x
PSDC75,INDICS_BDCOM,,FHM,POP T1,x,x,x,x,x,x,x
PSDC82,INDICS_BDCOM,,FHM,POP T1,x,x,x,x,x,x,x
PSDC90,INDICS_BDCOM,,FHM,POP T1,x,x,x,x,x,x,x
PSDC99,INDICS_BDCOM,,FHM,POP T1,x,x,x,x,x,x,x
PMUN06,INDICS_BDCOM,,FHM,POP T1,,,x,,,,
PMUN07,INDICS_BDCOM,,FHM,POP T1,,x,,,,,x
PMUN08,INDICS_BDCOM,,FHM,POP T1,x,,,,,x,
PMUN09,INDICS_BDCOM,,FHM,POP T1,,,,,x,,
PMUN10,INDICS_BDCOM,,FHM,POP T1,,,,x,,,
PMUN11,INDICS_BDCOM,,FHM,POP T1,,,x,,,,
PMUN12,INDICS_BDCOM,,FHM,POP T1,,x,,,,,x
PMUN13,INDICS_BDCOM,,FHM,POP T1,x,,,,,x,
PMUN14,INDICS_BDCOM,,FHM,POP T1,,,,,x,,
PMUN15,INDICS_BDCOM,,FHM,POP T1,,,,x,,,
PMUN16,INDICS_BDCOM,,FHM,POP T1,,,x,,,,
PMUN17,INDICS_BDCOM,,FHM,POP T1,,x,,,,,
PMUN18,INDICS_BDCOM,,FHM,POP T1,x,,,,,,
NRES68,INDICS_BDCOM,,FHM,FAM G1,x,x,x,x,x,x,x
NRES75,INDICS_BDCOM,,FHM,FAM G1,x,x,x,x,x,x,x
NRES82,INDICS_BDCOM,,FHM,FAM G1,x,x,x,x,x,x,x
NRES90,INDICS_BDCOM,,FHM,FAM G1,x,x,x,x,x,x,x
NRES99,INDICS_BDCOM,,FHM,FAM G1,x,x,x,x,x,x,x
NRES06,INDICS_BDCOM,,FHM,FAM G1,,,x,,,,
NRES07,INDICS_BDCOM,,FHM,FAM G1,,x,,,,,x
NRES08,INDICS_BDCOM,,FHM,FAM G1,x,,,,,x,
NRES09,INDICS_BDCOM,,FHM,FAM G1,,,,,x,,
NRES10,INDICS_BDCOM,,FHM,FAM G1,,,,x,,,
NRES11,INDICS_BDCOM,,FHM,FAM G1,,,x,,,,
NRES12,INDICS_BDCOM,,FHM,FAM G1,,x,,,,,x
NRES13,INDICS_BDCOM,,FHM,FAM G1,x,,,,,x,
NRES14,INDICS_BDCOM,,FHM,FAM G1,,,,,x,,
NRES15,INDICS_BDCOM,,FHM,FAM G1,,,,x,,,
NRES16,INDICS_BDCOM,,FHM,FAM G1,,,x,,,,
NRES17,INDICS_BDCOM,,FHM,FAM G1,,x,,,,,
NRES18,INDICS_BDCOM,,FHM,FAM G1,x,,,,,,
NLOG68,INDICS_BDCOM,,FHM,LOG T1,x,x,x,x,,,
NLOG75,INDICS_BDCOM,,FHM,LOG T1,x,x,x,x,,,
NLOG82,INDICS_BDCOM,,FHM,LOG T1,x,x,x,x,,,
NLOG90,INDICS_BDCOM,,FHM,LOG T1,x,x,x,x,,,
NLOG99,INDICS_BDCOM,,FHM,LOG T1,x,x,x,x,,,
NLOG06,INDICS_BDCOM,,FHM,LOG T1,,,x,,,,
NLOG07,INDICS_BDCOM,,FHM,LOG T1,,x,,,,,x
NLOG08,INDICS_BDCOM,,FHM,LOG T1,x,,,,,x,
NLOG09,INDICS_BDCOM,,FHM,LOG T1,,,,,x,,
NLOG10,INDICS_BDCOM,,FHM,LOG T1,,,,x,,,
NLOG11,INDICS_BDCOM,,FHM,LOG T1,,,x,,,,
NLOG12,INDICS_BDCOM,,FHM,LOG T1,,x,,,,,x
NLOG13,INDICS_BDCOM,,FHM,LOG T1,x,,,,,x,
NLOG14,INDICS_BDCOM,,FHM,LOG T1,,,,,x,,
NLOG15,INDICS_BDCOM,,FHM,LOG T1,,,,x,,,
NLOG16,INDICS_BDCOM,,FHM,LOG T1,,,x,,,,
NLOG17,INDICS_BDCOM,,FHM,LOG T1,,x,,,,,
NLOG18,INDICS_BDCOM,,FHM,LOG T1,x,,,,,,
NSEC68,INDICS_BDCOM,,FHM,LOG T1,x,x,x,x,x,x,x
NSEC75,INDICS_BDCOM,,FHM,LOG T1,x,x,x,x,x,x,x
NSEC82,INDICS_BDCOM,,FHM,LOG T1,x,x,x,x,x,x,x
NSEC90,INDICS_BDCOM,,FHM,LOG T1,x,x,x,x,x,x,x
NSEC99,INDICS_BDCOM,,FHM,LOG T1,x,x,x,x,x,x,x
NSEC06,INDICS_BDCOM,,FHM,LOG T1,,,x,,,,
NSEC07,INDICS_BDCOM,,FHM,LOG T1,,x,,,,,x
NSEC08,INDICS_BDCOM,,FHM,LOG T1,x,,,,,x,
NSEC09,INDICS_BDCOM,,FHM,LOG T1,,,,,x,,
NSEC10,INDICS_BDCOM,,FHM,LOG T1,,,,x,,,
NSEC11,INDICS_BDCOM,,FHM,LOG T1,,,x,,,,
NSEC12,INDICS_BDCOM,,FHM,LOG T1,,x,,,,,x
NSEC13,INDICS_BDCOM,,FHM,LOG T1,x,,,,,x,
NSEC14,INDICS_BDCOM,,FHM,LOG T1,,,,,x,,
NSEC15,INDICS_BDCOM,,FHM,LOG T1,,,,x,,,
NSEC16,INDICS_BDCOM,,FHM,LOG T1,,,x,,,,
NSEC17,INDICS_BDCOM,,FHM,LOG T1,,x,,,,,
NSEC18,INDICS_BDCOM,,FHM,LOG T1,x,,,,,,
NVAC68,INDICS_BDCOM,,FHM,LOG T1,x,x,x,x,x,x,x
NVAC75,INDICS_BDCOM,,FHM,LOG T1,x,x,x,x,x,x,x
NVAC82,INDICS_BDCOM,,FHM,LOG T1,x,x,x,x,x,x,x
NVAC90,INDICS_BDCOM,,FHM,LOG T1,x,x,x,x,x,x,x
NVAC99,INDICS_BDCOM,,FHM,LOG T1,x,x,x,x,x,x,x
NVAC06,INDICS_BDCOM,,FHM,LOG T1,,,x,,,,
NVAC07,INDICS_BDCOM,,FHM,LOG T1,,x,,,,,x
NVAC08,INDICS_BDCOM,,FHM,LOG T1,x,,,,,x,
NVAC09,INDICS_BDCOM,,FHM,LOG T1,,,,,x,,
NVAC10,INDICS_BDCOM,,FHM,LOG T1,,,,x,,,
NVAC11,INDICS_BDCOM,,FHM,LOG T1,,,x,,,,
NVAC12,INDICS_BDCOM,,FHM,LOG T1,,x,,,,,x
NVAC13,INDICS_BDCOM,,FHM,LOG T1,x,,,,,x,
NVAC14,INDICS_BDCOM,,FHM,LOG T1,,,,,x,,
NVAC15,INDICS_BDCOM,,FHM,LOG T1,,,,x,,,
NVAC16,INDICS_BDCOM,,FHM,LOG T1,,,x,,,,
NVAC17,INDICS_BDCOM,,FHM,LOG T1,,x,,,,,
NVAC18,INDICS_BDCOM,,FHM,LOG T1,x,,,,,,
PRES68,INDICS_BDCOM,,FHM,FAM G1,x,x,x,x,x,x,x
PRES75,INDICS_BDCOM,,FHM,FAM G1,x,x,x,x,x,x,x
PRES82,INDICS_BDCOM,,FHM,FAM G1,x,x,x,x,x,x,x
PRES90,INDICS_BDCOM,,FHM,FAM G1,x,x,x,x,x,x,x
PRES99,INDICS_BDCOM,,FHM,FAM G1,x,x,x,x,x,x,x
PRES06,INDICS_BDCOM,,FHM,FAM G1,,,x,,,,
PRES07,INDICS_BDCOM,,FHM,FAM G1,,x,,,,,x
PRES08,INDICS_BDCOM,,FHM,FAM G1,x,,,,,x,
PRES09,INDICS_BDCOM,,FHM,FAM G1,,,,,x,,
PRES10,INDICS_BDCOM,,FHM,FAM G1,,,,x,,,
PRES11,INDICS_BDCOM,,FHM,FAM G1,,,x,,,,
PRES12,INDICS_BDCOM,,FHM,FAM G1,,x,,,,,x
PRES13,INDICS_BDCOM,,FHM,FAM G1,x,,,,,x,
PRES14,INDICS_BDCOM,,FHM,FAM G1,,,,,x,,
PRES15,INDICS_BDCOM,,FHM,FAM G1,,,,x,,,
PRES16,INDICS_BDCOM,,FHM,FAM G1,,,x,,,,
PRES17,INDICS_BDCOM,,FHM,FAM G1,,x,,,,,
PRES18,INDICS_BDCOM,,FHM,FAM G1,x,,,,,,
NAIS75,INDICS_BDCOM,,FHM,POP T2,x,x,x,x,x,x,x
NAIS82,INDICS_BDCOM,,FHM,POP T2,x,x,x,x,x,x,x
NAIS90,INDICS_BDCOM,,FHM,POP T2,x,x,x,x,x,x,x
NAIS99,INDICS_BDCOM,,FHM,POP T2,x,x,x,x,x,x,x
NAIS9905,INDICS_BDCOM,,FHM,POP T2,,,x,,,,
NAIS9906,INDICS_BDCOM,,FHM,POP T2,,x,,,,,x
NAIS9907,INDICS_BDCOM,,FHM,POP T2,x,,,,,x,
NAIS9908,INDICS_BDCOM,,FHM,POP T2,,,,,x,,
NAIS9909,INDICS_BDCOM,,FHM,POP T2,,,,x,,,
NAIS0610,INDICS_BDCOM,,FHM,POP T2,,,x,,,,
NAIS0711,INDICS_BDCOM,,FHM,POP T2,,x,,,,,x
NAIS0812,INDICS_BDCOM,,FHM,POP T2,x,,,,,x,
NAIS0913,INDICS_BDCOM,,FHM,POP T2,,,,,x,,
NAIS1014,INDICS_BDCOM,,FHM,POP T2,,,,x,,,
NAIS1115,INDICS_BDCOM,,FHM,POP T2,,,x,,,,
NAIS1216,INDICS_BDCOM,,FHM,POP T2,,x,,,,,
NAIS1317,INDICS_BDCOM,,FHM,POP T2,x,,,,,,
DECE75,INDICS_BDCOM,,FHM,POP T2,x,x,x,x,x,x,x
DECE82,INDICS_BDCOM,,FHM,POP T2,x,x,x,x,x,x,x
DECE90,INDICS_BDCOM,,FHM,POP T2,x,x,x,x,x,x,x
DECE99,INDICS_BDCOM,,FHM,POP T2,x,x,x,x,x,x,x
DECE9905,INDICS_BDCOM,,FHM,POP T2,,,x,,,,
DECE9906,INDICS_BDCOM,,FHM,POP T2,,x,,,,,x
DECE9907,INDICS_BDCOM,,FHM,POP T2,x,,,,,x,
DECE9908,INDICS_BDCOM,,FHM,POP T2,,,,,x,,
DECE9909,INDICS_BDCOM,,FHM,POP T2,,,,x,,,
DECE0610,INDICS_BDCOM,,FHM,POP T2,,,x,,,,
DECE0711,INDICS_BDCOM,,FHM,POP T2,,x,,,,,x
DECE0812,INDICS_BDCOM,,FHM,POP T2,x,,,,,x,
DECE0913,INDICS_BDCOM,,FHM,POP T2,,,,,x,,
DECE1014,INDICS_BDCOM,,FHM,POP T2,,,,x,,,
DECE1115,INDICS_BDCOM,,FHM,POP T2,,,x,,,,
DECE1216,INDICS_BDCOM,,FHM,POP T2,,x,,,,,
DECE1317,INDICS_BDCOM,,FHM,POP T2,x,,,,,,
