mesure,lib_mesure
NBMEN,Nombre de ménages fiscaux
NBPERS,Nombre de personnes fiscales
MEDIANE,Médiane du niveau de vie
D1,Premier décile du niveau de vie
D9,Neuvième décile du niveau de vie
RD,Rapport interdécile 9e décile/1er décile
TP60,Taux de pauvreté
PTSA,Part des salaires ou traitements hors indemnités de chômage
PCHO,Part des indemnités de chômage
PBEN,Revenus des activités non salariées
PPEN,"Pensions, retraites, et rentes"
PPAT,Part des revenus du patrimoine et des autres revenus
PPSOC,Part de l'ensemble des prestations sociales
PPFAM,Part des prestations familiales
PPMINI,Part des minima sociaux
PPLOGT,Part des prestations logement
PIMPOT,Part des impôts
PIMP,Part des ménages fiscaux imposés
