,id,Name.fr,Name.en,url,n_series
0,BALANCE-PAIEMENTS,Balance des paiements,Balance of payments,https://www.insee.fr/fr/statistiques/series/103212755,197
1,CHOMAGE-TRIM-NATIONAL,"Chômage, taux de chômage par sexe et âge (sens BIT)","Unemployment, unemployment rate and halo by sex and age (ILO)",https://www.insee.fr/fr/statistiques/series/103167923,169
2,CLIMAT-AFFAIRES,Indicateurs synthétiques du climat des affaires,Business climate composite indicators,https://www.insee.fr/fr/statistiques/series/103047029,3
3,CNA-2010-CONSO-MEN,"Consommation des ménages - Résultats par produit, fonction et durabilité","Households' consumption - Results by product, function and durability",https://www.insee.fr/fr/statistiques/series/102331845,2247
4,CNA-2010-CONSO-SI,Dépenses de consommation finale par secteur institutionnel - Résultats par opération et produit,Final consumption expenditure by institutional sectors - Results by transaction and product,https://www.insee.fr/fr/statistiques/series/102809534,1391
5,CNA-2010-CPEB,Comptes de production et d’exploitation par branche,Production and operating accounts by branch,https://www.insee.fr/fr/statistiques/series/102852781,2739
6,CNA-2010-CSI,Comptes des secteurs institutionnels - Résultats annuels,Institutional sectors accounts - Annual results,https://www.insee.fr/fr/statistiques/series/102321506,1173
7,CNA-2010-DEP-APU,Dépenses des administrations publiques - Résultats par fonction et opération,General government expenditure - Result by function and operation,https://www.insee.fr/fr/statistiques/series/102334196,4400
8,CNA-2010-DETTE-APU,Dette et déficit des administrations publiques au sens de Maastricht,Maastricht general government debt and public deficit,https://www.insee.fr/fr/statistiques/series/103212800,72
9,CNA-2010-EMPLOI,"Emploi intérieur, durée effective travaillée et productivité horaire","Domestic employment, hours worked and hourly productivity",https://www.insee.fr/fr/statistiques/series/102800357,702
10,CNA-2010-ERE,Équilibre ressources-emplois (ERE) - Résultats par opération et produit,Resources-uses balance - Results by transaction and product,https://www.insee.fr/fr/statistiques/series/102801076,5718
11,CNA-2010-FBCF-BRANCHE,Formation brute de capital fixe (FBCF) par branche,Gross fixed capital formation (GFCF) by branch,https://www.insee.fr/fr/statistiques/series/103212810,136
12,CNA-2010-FBCF-SI,Formation brute de capital fixe (FBCF) par secteur institutionnel - Résultats par produit,Gross fixed capital formation (GFCF) by institutional sectors - Results by product,https://www.insee.fr/fr/statistiques/series/102849957,606
13,CNA-2010-PAT-NF,"Comptes de patrimoine non financier - Encours, consommation de capital fixe","Balance sheet accounts for non-financial assets - Outstanding amount, consumption of fixed capital",https://www.insee.fr/fr/statistiques/series/103212771,5350
14,CNA-2010-PIB,Produit intérieur brut (PIB) et ses composantes - Résultats annuels,Gross domestic product (GDP) and its components - Annual results,https://www.insee.fr/fr/statistiques/series/103212713,34
15,CNA-2010-RDB,"Revenu et pouvoir d’achat des ménages - Résultats par ménage, personne et unité de consommation","Households' disposable income and purchasing power - Results by household, person and consumption unit",https://www.insee.fr/fr/statistiques/series/103212747,11
16,CNA-2010-TEI,Tableau des entrées intermédiaires - Résultats par secteur et produit,Table of intermediate inputs - Results by sector and product,https://www.insee.fr/fr/statistiques/series/102850840,1922
17,CNA-2010-TOF,"Comptes financiers - Flux et encours d’actifs, variation de patrimoine par secteur institutionnel","Financial accounts - Flows and stocks of assets, change in financial assets by institutional sector",https://www.insee.fr/fr/statistiques/series/102861164,1278
18,CNA-2014-CONSO-MEN,Consommation des ménages,Households' consumption,https://www.insee.fr/fr/statistiques/series/110314726,2247
19,CNA-2014-CONSO-SI,Dépenses de consommation finale par secteur institutionnel,Final consumption expenditure by institutional sectors,https://www.insee.fr/fr/statistiques/series/110323533,1401
20,CNA-2014-CPEB,Comptes de production et d’exploitation par branche,Production and operating accounts by branch,https://www.insee.fr/fr/statistiques/series/110325649,2739
21,CNA-2014-CSI,Comptes des secteurs institutionnels,Institutional sectors accounts,https://www.insee.fr/fr/statistiques/series/110329231,1257
22,CNA-2014-DEP-APU,Dépenses des administrations publiques,General government expenditure,https://www.insee.fr/fr/statistiques/series/112456611,4400
23,CNA-2014-DETTE-APU,Dette et déficit des administrations publiques au sens de Maastricht,Maastricht general government debt and public deficit,https://www.insee.fr/fr/statistiques/series/110329132,72
24,CNA-2014-EMPLOI,"Emploi intérieur, durée effective travaillée et productivité horaire","Domestic employment, hours worked and hourly productivity",https://www.insee.fr/fr/statistiques/series/110316986,702
25,CNA-2014-ERE,Équilibre ressources-emplois (ERE),Resources-uses balance,https://www.insee.fr/fr/statistiques/series/110317700,5686
26,CNA-2014-FBCF-BRANCHE,Formation brute de capital fixe (FBCF) par branche,Gross fixed capital formation (GFCF) by branch,https://www.insee.fr/fr/statistiques/series/111904199,136
27,CNA-2014-FBCF-SI,Formation brute de capital fixe (FBCF) par secteur institutionnel,Gross fixed capital formation (GFCF) by institutional sectors,https://www.insee.fr/fr/statistiques/series/110324990,606
28,CNA-2014-PAT-NF,Comptes de patrimoine non financier,Balance sheet accounts for non-financials assets,https://www.insee.fr/fr/statistiques/series/111904185,5350
29,CNA-2014-PIB,Produit intérieur brut (PIB) et ses composantes,Gross domestic product (GDP) and its components,https://www.insee.fr/fr/statistiques/series/110309498,25
30,CNA-2014-RDB,Revenu et pouvoir d’achat des ménages,Households' disposable income and purchasing power,https://www.insee.fr/fr/statistiques/series/110329122,12
31,CNA-2014-TEI,Tableau des entrées intermédiaires,Table of intermediate inputs,https://www.insee.fr/fr/statistiques/series/110289088,1922
32,CNA-2014-TOF,Comptes financiers,Financial accounts,https://www.insee.fr/fr/statistiques/series/112455191,1278
33,CNT-2010-CB,Comptes des branches - Résultats trimestriels,Branch accounts - Quarterly Results,https://www.insee.fr/fr/statistiques/series/103167972,594
34,CNT-2010-CSI,Comptes de secteurs institutionnels - Résultats trimestriels,Institutional sector accounts - Quarterly Results,https://www.insee.fr/fr/statistiques/series/103167960,328
35,CNT-2010-OPERATIONS,Opérations sur biens et services - Résultats trimestriels,Operations on goods and services - Quarterly Results,https://www.insee.fr/fr/statistiques/series/103167876,676
36,CNT-2010-PIB-EQB-RF,Équilibre du produit intérieur brut - Résultats trimestriels,Gross domestic product balance - Quarterly Results,https://www.insee.fr/fr/statistiques/series/103167863,67
37,CNT-2014-CB,Comptes des branches,Branch accounts,https://www.insee.fr/fr/statistiques/series/110403337,594
38,CNT-2014-CSI,Comptes de secteurs institutionnels,Institutional sector accounts,https://www.insee.fr/fr/statistiques/series/110403627,329
39,CNT-2014-OPERATIONS,Opérations sur biens et services,Operations on goods and services,https://www.insee.fr/fr/statistiques/series/110404285,676
40,CNT-2014-PIB-EQB-RF,Équilibre du produit intérieur brut,Gross domestic product balance,https://www.insee.fr/fr/statistiques/series/110404977,68
41,COEFF-EURO-FRANC,Coefficient de transformation de la monnaie,Currency conversion coefficient,https://www.insee.fr/fr/statistiques/series/103157802,2
42,COM-EXT,Commerce extérieur de la France,Foreign trade of France,https://www.insee.fr/fr/statistiques/series/102877820,2781
43,COMPTES-ETAT,Budget de l’État,Central government operations,https://www.insee.fr/fr/statistiques/series/102765746,4
44,CONSO-MENAGES-2010,Consommation des ménages en biens - Résultats mensuels,Households' consumption expenditure on goods - Monthly results,https://www.insee.fr/fr/statistiques/series/102848838,16
45,CONSO-MENAGES-2014,Consommation des ménages en biens,Households' consumption expenditure on goods,https://www.insee.fr/fr/statistiques/series/110413071,16
46,CONSTRUCTION-LOCAUX,Construction de locaux non résidentiels,Construction of non-residential buildings,https://www.insee.fr/fr/statistiques/series/103182218,1202
47,CONSTRUCTION-LOGEMENTS,Construction de logements,Construction of residential buildings,https://www.insee.fr/fr/statistiques/series/103181511,506
48,CREATIONS-ENTREPRISES,Créations d’entreprises,Enterprises births,https://www.insee.fr/fr/statistiques/series/102722714,1669
49,CREATIONS-ENTREPRISES-METHODE-2022,Créations d'entreprises - Méthode 2022,Enterprises birth - Method 2022,https://www.insee.fr/fr/statistiques/series/116025894,1456
50,DECES-MORTALITE,Décès et mortalité,Death and mortality,https://www.insee.fr/fr/statistiques/series/103039135,1905
51,DEFAILLANCES-ENTREPRISES,Défaillances d’entreprises,Business failures,https://www.insee.fr/fr/statistiques/series/102773703,573
52,DEMANDES-EMPLOIS-NATIONALES,Demandeurs d'emploi inscrits à Pôle Emploi,Job seekers at Pôle Emploi,https://www.insee.fr/fr/statistiques/series/103212792,2833
53,DETTE-NEGOCIABLE-ETAT,Dette négociable de l’État,Central government debt,https://www.insee.fr/fr/statistiques/series/102765717,17
54,DETTE-TRIM-APU,Dette des administrations publiques au sens de Maastricht,Maastricht general government debt,https://www.insee.fr/fr/statistiques/series/102770522,19
55,DETTE-TRIM-APU-2014,Dette des administrations publiques au sens de Maastricht,Maastricht general government debt,https://www.insee.fr/fr/statistiques/series/113008288,21
56,EMPLOI-BIT-TRIM,"Emploi, activité, sous-emploi par secteur d’activité (sens BIT)","Employment, activity, underemployment by business sector (ILO concept)",https://www.insee.fr/fr/statistiques/series/102412458,242
57,EMPLOI-SALARIE-TRIM-NATIONAL,Estimations d'emploi salarié par secteur d'activité,Estimates of salaried employment by business sector,https://www.insee.fr/fr/statistiques/series/103167884,80
58,ENQ-CONJ-ACT-IND,Conjoncture dans l’industrie,Outlook survey in goods-producing industries,https://www.insee.fr/fr/statistiques/series/102393833,1588
59,ENQ-CONJ-ART-BAT,Conjoncture dans l’artisanat du bâtiment,Outlook survey in the building crafts sector,https://www.insee.fr/fr/statistiques/series/102874985,92
60,ENQ-CONJ-COM-DET,Conjoncture dans le commerce de détail et le commerce et la réparation automobile,Outlook survey in retail trade and trade and repair of motor vehicles,https://www.insee.fr/fr/statistiques/series/102408500,580
61,ENQ-CONJ-COM-GROS,Conjoncture dans le commerce de gros,Outlook survey in wholesaling,https://www.insee.fr/fr/statistiques/series/102392971,786
62,ENQ-CONJ-IND-BAT,Conjoncture dans l'industrie du bâtiment,Outlook survey in the building construction industry,https://www.insee.fr/fr/statistiques/series/102411948,213
63,ENQ-CONJ-INV-IND,Investissements dans l’industrie,Industrial investment,https://www.insee.fr/fr/statistiques/series/102410343,337
64,ENQ-CONJ-MENAGES,Conjoncture auprès des ménages,Consumer confidence survey,https://www.insee.fr/fr/statistiques/series/102414547,33
65,ENQ-CONJ-PROMO-IMMO,Conjoncture dans la promotion immobilière,Outlook survey in the real-estate development,https://www.insee.fr/fr/statistiques/series/102874954,180
66,ENQ-CONJ-SERV,Conjoncture dans les services,Outlook survey in services,https://www.insee.fr/fr/statistiques/series/102391902,1402
67,ENQ-CONJ-TP,Conjoncture dans les travaux publics,Outlook survey in public works,https://www.insee.fr/fr/statistiques/series/102874976,31
68,ENQ-CONJ-TRES-IND,Enquête de conjoncture de trésorerie dans l'industrie,Economic outlook survey on cash-flow in industry,https://www.insee.fr/fr/statistiques/series/103280606,158
69,ERI-ACTIVITE-PARTIELLE,TdB - ERI - Activité partielle dans les établissements,TdB - ERI -Partial activity in establishments,https://www.insee.fr/fr/statistiques/series/102768029,116
70,IC-PROD-CONS-2010,Indices des coûts de production dans la construction - Résultats par secteur d'activité,Producer costs indices for construction - Results by business sector,https://www.insee.fr/fr/statistiques/series/102327749,19
71,IC-PROD-CONS-2015,Indices des coûts de production dans la construction,Producer costs indices for construction,https://www.insee.fr/fr/statistiques/series/110551718,19
72,ICA-2005-COM-SERV,Indice de chiffre d'affaires dans le commerce et les services,Turnover index in trade and services,https://www.insee.fr/fr/statistiques/series/105035212,1766
73,ICA-2005-EMAGSA,Indice de chiffre d'affaire dans les grandes surfaces alimentaires (EMAGSA),Turnover index in large-scale food retail activities (EMAGSA),https://www.insee.fr/fr/statistiques/series/105037027,24
74,ICA-2005-IND-CONS,Indice de chiffre d'affaire dans l'industrie et la construction - Secteurs d'activités regroupés et détaillés,Turnover index in industry and construction - Grouped and detailed business sector,https://www.insee.fr/fr/statistiques/series/105034560,639
75,ICA-2010-COMMERCE,"Volume des ventes dans le commerce - Commerce de gros, détail, réparation d'automobiles et motocycles","Sales volume in wholesale and retail trade - Wholesale trade, retail trade, repair of motor vehicles and motorcycles",https://www.insee.fr/fr/statistiques/series/103191798,1040
76,ICA-2010-EMAGSA,Indice de chiffre d’affaires dans les grandes surfaces alimentaires (EMAGSA),Turnover index in large-scale food retail activities (EMAGSA),https://www.insee.fr/fr/statistiques/series/103189416,24
77,ICA-2010-IND-CONS,Indice de chiffre d’affaires dans l’industrie et la construction - Secteurs d'activités regroupés et détaillés,Turnover index in industry and construction - Grouped and detailed business sectors,https://www.insee.fr/fr/statistiques/series/103193923,2833
78,ICA-2010-SERVICE,Indice de production dans les services,Services production index,https://www.insee.fr/fr/statistiques/series/103192573,2040
79,ICA-2015-COMMERCE,Indices de chiffre d'affaires dans le commerce,Turnover index in wholesale and retail trade,https://www.insee.fr/fr/statistiques/series/109939800,346
80,ICA-2015-EMAGSA,Indices de chiffre d'affaires dans les grandes surfaces alimentaires,Turnover index in large-scale food retail activities,https://www.insee.fr/fr/statistiques/series/109940795,24
81,ICA-2015-IND-CONS,Indices de chiffre d'affaires dans l'industrie et la construction,Turnover index in industry and construction,https://www.insee.fr/fr/statistiques/series/109939789,2048
82,ICA-2015-SERVICES,Indices de chiffre d'affaires dans les services,Services turnover index,https://www.insee.fr/fr/statistiques/series/109940299,682
83,ICHT-2008,Indice du coût horaire du travail,Hourly labour cost index,https://www.insee.fr/fr/statistiques/series/103167938,56
84,ICT-2012,"Indice du coût du travail - Industrie, construction et tertiaire","Labour cost index - Industry, construction and services",https://www.insee.fr/fr/statistiques/series/102726584,34
85,ICT-2016,Indice du coût du travail,Labour cost index,https://www.insee.fr/fr/statistiques/series/113488466,34
86,ILC-ILAT-ICC,Indices pour la révision d’un bail commercial ou professionnel,Indices to review a commercial or professional lease,https://www.insee.fr/fr/statistiques/series/102875771,6
87,INDEX-BT-TP-DIV-ANCIENNES-BASES,"Index bâtiment, travaux publics et divers de la construction","Building, civil engineering and various indices for construction",https://www.insee.fr/fr/statistiques/series/105239213,68
88,INDEX-BT-TP-DIV-IM-2010,"Index bâtiment, travaux publics et divers de la construction","Building, civil engineering and various indices for construction",https://www.insee.fr/fr/statistiques/series/103173847,78
89,INDICE-TRAITEMENT-FP,Indice de traitement brut dans la fonction publique de l'État,State civil service gross salary index,https://www.insee.fr/fr/statistiques/series/103212731,8
90,INDICES_LOYERS,Indices des loyers - Base 2019,Indications of the rents - Base 2019,https://www.insee.fr/fr/statistiques/series/113554489,66
91,IP-PROD-CONS-N-HAB-2010,Indice des prix de production de la construction neuve à usage d’habitation,Producer price index for construction of new residential buildings,https://www.insee.fr/fr/statistiques/series/103212779,1
92,IP-PROD-CONS-N-HAB-2015,Indice des prix de production de la construction neuve à usage d'habitation,Producer price index for construction of new residential buildings,https://www.insee.fr/fr/statistiques/series/110551853,1
93,IPAGRI,"Indices des prix dans l’agriculture - IPPAP, IPGA, IPAMPA","Agricultural price indices - IPPAP, IPGA, IPAMPA",https://www.insee.fr/fr/statistiques/series/102413565,851
94,IPAGRI-BASE-2015,Indices des prix dans l'agriculture,Agricultural price indices,https://www.insee.fr/fr/statistiques/series/109144301,725
95,IPC-1970-1980,Indices des prix à la consommation,Consumer price index,https://www.insee.fr/fr/statistiques/series/107634442,813
96,IPC-1990,Indices des prix à la consommation,Consumer price index,https://www.insee.fr/fr/statistiques/series/106570342,1650
97,IPC-1998,Indices des prix à la consommation - Résultats par regroupement de produits,Consumer price index - Results by groupings of products,https://www.insee.fr/fr/statistiques/series/105031963,3133
98,IPC-2015,Indices des prix à la consommation,Consumer price index,https://www.insee.fr/fr/statistiques/series/102342213,4116
99,IPC-PM-2015,Prix moyens de vente de détail,Average retail prices,https://www.insee.fr/fr/statistiques/series/103157792,307
100,IPCH-2005,Indices des prix à la consommation harmonisés - Résultats par produit,Harmonised index of consumer prices - Results by product,https://www.insee.fr/fr/statistiques/series/105032810,393
101,IPCH-2015,Indices des prix à la consommation harmonisés,Harmonised index of consumer prices,https://www.insee.fr/fr/statistiques/series/103157760,1276
102,IPEA-2010,Indice des prix d’entretien-amélioration des logements (IPEA) - Prix de production,Dwellings maintenance and improvement price index (IPEA) - Producer price,https://www.insee.fr/fr/statistiques/series/103169118,10
103,IPEA-2015,Indice des prix d'entretien-amélioration des bâtiments,Buildings maintenance and improvement price index,https://www.insee.fr/fr/statistiques/series/110289801,30
104,IPGD-1998,Indices des prix dans la grande distribution,Large and predominantly-food stores price index,https://www.insee.fr/fr/statistiques/series/105032831,9
105,IPGD-2015,Indice des prix dans la grande distribution,Large and predominantly-food stores price index,https://www.insee.fr/fr/statistiques/series/103157776,11
106,IPI-1990,IPI-1990,IPI-1990,https://www.insee.fr/fr/statistiques/series/105151216,1286
107,IPI-2005,Indices de la production industrielle - Résultats par secteur d'activité détaillé et regroupements MIG,Industrial production index - Results by business sector,https://www.insee.fr/fr/statistiques/series/105032798,1029
108,IPI-2010,Indices de la production industrielle - Résultats par secteur d'activité détaillé et regroupements MIG,Industrial production index - Results by business sector,https://www.insee.fr/fr/statistiques/series/102765791,1446
109,IPI-2015,Indice de la production industrielle,Industrial production index,https://www.insee.fr/fr/statistiques/series/108695026,1095
110,IPLA-IPLNA-2010,Indices des prix des logements neufs et indices Notaires-Insee des prix des logements anciens,Price indices of the new housing and indicate Solicitors-Insee of the prices of the old housing,https://www.insee.fr/fr/statistiques/series/102770558,112
111,IPLA-IPLNA-2015,Indices des prix des logements neufs et Indices Notaires-Insee des prix des logements anciens,Price indices of the new housing and indicate Solicitors-Insee of the price of the old housing,https://www.insee.fr/fr/statistiques/series/105071770,132
112,IPPI-2005,Indices de prix de production et d'importation dans l'industrie,Industrial producer and import price indices,https://www.insee.fr/fr/statistiques/series/105033155,2571
113,IPPI-2010,Indices de prix de production et d'importation dans l'industrie,Industrial producer and import price indices,https://www.insee.fr/fr/statistiques/series/102776019,2493
114,IPPI-2015,Indices de prix de production et d'importation dans l'industrie,Industrial producer and import price indices,https://www.insee.fr/fr/statistiques/series/108665892,2269
115,IPPMP,Indices de prix et cours des matières premières,Raw materials price indices and international prices,https://www.insee.fr/fr/statistiques/series/102743553,131
116,IPPMP-NF,Indices de prix et cours des matières premières,Raw materials price indices and international prices,https://www.insee.fr/fr/statistiques/series/105299226,130
117,IPPS-2010,Indice des prix de production dans les services,Services producer price indices,https://www.insee.fr/fr/statistiques/series/102797474,634
118,IPPS-2015,Indice des prix de production dans les services,Services producer price indices,https://www.insee.fr/fr/statistiques/series/110182815,618
119,IPS-2015-SERVICES,Indices de production dans les services,Services production index,https://www.insee.fr/fr/statistiques/series/109940548,454
120,IRL,Indice pour la révision d’un loyer d’habitation,Index to review a residential rent,https://www.insee.fr/fr/statistiques/series/102876482,4
121,MARIAGES-NUPTIALITE-PACS-DIVORCES,"Mariages, nuptialité et Pactes civils de solidarité (Pacs)","Marriages, nuptiality and Civil Solidarity Pacts",https://www.insee.fr/fr/statistiques/series/103042635,1070
122,NAISSANCES-FECONDITE,Naissances et fécondité,Births and fertility,https://www.insee.fr/fr/statistiques/series/102928992,841
123,ODD-CONSOMMATION-PRODUCTION,Objectif de développement durable n°12 : Consommation et production responsable,Sustainable Development Goal n°12 : Consumption and responsible production,https://www.insee.fr/fr/statistiques/series/112956139,33
124,ODD-EAU-PROPRE-ASSAINISSEMENT,Objectif de développement durable n°6 : Eau propre et assainissement,Sustainable Development Goal n°6 : Clean water and sanitation,https://www.insee.fr/fr/statistiques/series/112885917,27
125,ODD-EDUCATION-QUALITE,Objectif de développement durable n°4 : Education de qualité,Sustainable development goal n°4 : Quality education,https://www.insee.fr/fr/statistiques/series/112895221,29
126,ODD-EGALITE-SEXES,Objectif de développement durable n°5 : Égalité entre les sexes,Sustainable Development Goal n°5 : Gender equality,https://www.insee.fr/fr/statistiques/series/112895257,13
127,ODD-ENERGIE-PROPRE-COUT-ABORDABLE,Objectif de développement durable n°7 : Energie propre et d'un coût abordable,Sustainable development goal n°7 : Clean and affordable energy,https://www.insee.fr/fr/statistiques/series/112952823,17
128,ODD-ERADICATION-PAUVRETE,Objectif de développement durable n°1 : Éradication de la pauvreté,Sustainable Development Goal n°1 : Poverty eradication,https://www.insee.fr/fr/statistiques/series/112814407,60
129,ODD-INFRASTRUCTURES-RESILIENTES-INNOVATION,Objectif de développement durable n°9 : Infrastructures résilientes et innovation,Sustainable Development Goal n°9 : Resilient infrastructure and innovation,https://www.insee.fr/fr/statistiques/series/112938991,24
130,ODD-LUTTE-CHANGEMENT-CLIMATIQUE,Objectif de développement durable n°13 : Mesures relatives à la lutte contre le changement climatique,Sustainable Development Goal n°13 : Measure to combat climate change,https://www.insee.fr/fr/statistiques/series/112938957,15
131,ODD-PAIX-JUSTICE-INSTITUTIONS-EFFICACES,"Objectif de développement durable n°16 : Paix, justice et institutions efficaces","Sustainable development goal n°16 : Peace, justice and efficient institutions",https://www.insee.fr/fr/statistiques/series/112953165,15
132,ODD-PARTENARIATS-REALISATION,Objectif de développement durable n°17 : Partenariats pour la réalisation des objectifs,Sustainable Development Goal n°17 : Partnerships for the achievement of objectives,https://www.insee.fr/fr/statistiques/series/113011849,27
133,ODD-REDUCTION-INEGALITES,Objectif de développement durable n°10 : Réduction des inégalités,Sustainable Development Goal n°10 : Reducing inequalities,https://www.insee.fr/fr/statistiques/series/112937561,18
134,ODD-SANTE-BIEN-ETRE,Objectif de développement durable n°3 : Santé et bien-être,Sustainable Development Goal n°3 : Health and wellbeing,https://www.insee.fr/fr/statistiques/series/112821568,59
135,ODD-SECURITE-ALIMENTAIRE-AGRICULTURE-DURABLE,Objectif de développement durable n°2 : Sécurité alimentaire et agriculture durable,Sustainable development goal n°2 : Food security and sustainable agriculture,https://www.insee.fr/fr/statistiques/series/112885951,49
136,ODD-TRAVAIL-CROISSANCE,Objectif de développement durable n°8 : Travail décent et croissance durable,Sustainable Development Goal n°8 : Decent work and sustainable growth,https://www.insee.fr/fr/statistiques/series/112940505,40
137,ODD-VIE-AQUATIQUE,Objectif de développement durable n°14 : Vie aquatique,Sustainable Development Goal n°14 : Life below water,https://www.insee.fr/fr/statistiques/series/112971339,42
138,ODD-VIE-TERRESTRE,Objectif de développement durable n°15 : Vie terrestre,Sustainable development goal n°15 : Earthly life,https://www.insee.fr/fr/statistiques/series/112963796,19
139,ODD-VILLES-COMMUNAUTES-DURABLES,Objectif de développement durable n°11 : Villes et communautés durables,Sustainable development goal : Cities and sustainable communities,https://www.insee.fr/fr/statistiques/series/112958508,15
140,PARC-LOGEMENTS,Estimations annuelles du parc de logements (EAPL),Annual Estimates of the Housing Stock (EAPL),https://www.insee.fr/fr/statistiques/series/103212763,30
141,POPULATION-STRUCTURE,Population et structure de la population,Population and population structure,https://www.insee.fr/fr/statistiques/series/103088458,50
142,REVALORISATION-PENSIONS,IPC utilisés par la calculette de revalorisation des pensions alimentaires,CPI for calculating alimony payments,https://www.insee.fr/fr/statistiques/series/102848871,4
143,SALAIRES-ACEMO,Indices trimestriels de salaires dans le secteur privé - Résultats par secteur d’activité,Quarterly wages indices in the private sector - Results by business sector,https://www.insee.fr/fr/statistiques/series/102730868,129
144,SALAIRES-ACEMO-2017,Indices trimestriels de salaires dans le secteur privé,Quaterly wages indices in the private sector,https://www.insee.fr/fr/statistiques/series/110333801,129
145,SALAIRES-ANNUELS,Salaires annuels,Annual wages,https://www.insee.fr/fr/statistiques/series/103212723,246
146,SERIES_LOYERS,Variation des loyers,Variation of the rents,https://www.insee.fr/fr/statistiques/series/113554460,8
147,SMIC-COTISATIONS,Taux de cotisations et salaires minima garantis,Contribution rate and Guaranteed minimum wages,https://www.insee.fr/fr/statistiques/series/103212739,73
148,TAUX-CHOMAGE,Taux de chômage localisé,Localised unemployment rates,https://www.insee.fr/fr/statistiques/series/102760732,115
149,TCRED-AGRICULTURE-CHEP-AGRI,TCRED - Cheptel présent dans les exploitations agricoles,Livestock in farm holdings,https://www.insee.fr/fr/statistiques/series/102847774,585
150,TCRED-AGRICULTURE-EXP-AGRI,TCRED - Exploitations agricoles par superficie,Farm holdings by area,https://www.insee.fr/fr/statistiques/series/102846934,105
151,TCRED-AGRICULTURE-OCC-SOL,TCRED - Occupation du sol,Land use,https://www.insee.fr/fr/statistiques/series/102847068,702
152,TCRED-AGRICULTURE-PROD-VEG,TCRED - Productions végétales,Corp production,https://www.insee.fr/fr/statistiques/series/102848364,460
153,TCRED-CONDITIONSDEVIE-APE-PEC,TCRED - Affaires pénales et population écrouée,Criminal cases and imprisoned population,https://www.insee.fr/fr/statistiques/series/102811607,704
154,TCRED-CONDITIONSDEVIE-LICENCES-SPORTIVES,TCRED - Licences sportives de la fédération française,French federation sports licences,https://www.insee.fr/fr/statistiques/series/102411040,936
155,TCRED-CONDITIONSDEVIE-LOG-SOC,TCRED - Logements sociaux,Social housing,https://www.insee.fr/fr/statistiques/series/102824185,468
156,TCRED-CONDITIONSDEVIE-NMU-MOH,TCRED - Nombre de musées de France et de monuments historiques,Number of Musées de France museums and historic monuments,https://www.insee.fr/fr/statistiques/series/102796439,232
157,TCRED-CONDITIONSDEVIE-TXP-CDE,TCRED - Taux de participation au 1er tour des différentes élections,Turnout in the first round of elections,https://www.insee.fr/fr/statistiques/series/102799549,701
158,TCRED-CONSTRUCTION-LOCAUX,TCRED - Construction de locaux,Construction of premises,https://www.insee.fr/fr/statistiques/series/105017420,1170
159,TCRED-ECONOMIE-DEP-REC,TCRED - Dépenses et recettes des régions,Expenditures and revenue of regions,https://www.insee.fr/fr/statistiques/series/102408368,120
160,TCRED-ECONOMIE-PIB-REG,TCRED - Produits intérieurs bruts,Gross domestic products,https://www.insee.fr/fr/statistiques/series/102774338,66
161,TCRED-ECONOMIE-PIB-REG-2014,TCRED - Produits intérieurs bruts,Gross domestic products,https://www.insee.fr/fr/statistiques/series/115053909,66
162,TCRED-ECONOMIE-VAB-REG,TCRED - Valeurs ajoutées brutes,Gross value added,https://www.insee.fr/fr/statistiques/series/102774422,138
163,TCRED-ECONOMIE-VAB-REG-2014,TCRED-Valeurs ajoutées brutes,Gross value added,https://www.insee.fr/fr/statistiques/series/115053900,138
164,TCRED-EDUCATION-APP-JEN,TCRED - Apprentissage chez les jeunes,Apprenticeship of young persons,https://www.insee.fr/fr/statistiques/series/102394812,351
165,TCRED-EDUCATION-DIPLOMES-TECHNIQUES,"TCRED - Réussite aux Brevet, CAP, BEP et BTS",Diplomas,https://www.insee.fr/fr/statistiques/series/102375849,936
166,TCRED-EDUCATION-EFF-PSS,TCRED - Effectifs scolaires du premier et second degré et du supérieur,Primary and secondary level and educational headcount,https://www.insee.fr/fr/statistiques/series/102378636,1212
167,TCRED-EDUCATION-ENS-PSD,TCRED - Enseignants du premier et du second degrés,Teachers of the first and the second degrees,https://www.insee.fr/fr/statistiques/series/102391087,1212
168,TCRED-EDUCATION-ETAB-SCOL,TCRED - Établissements scolaires du premier et second degré,Primary and secondary level educational establishments,https://www.insee.fr/fr/statistiques/series/102374311,1521
169,TCRED-EDUCATION-REU-BAC,TCRED - Réussite aux différents baccalauréats,Success in the various high school diplomas,https://www.insee.fr/fr/statistiques/series/102383597,936
170,TCRED-EMPLOI-31-DECEMBRE,TCRED - Emploi au 31 décembre,Employment on December 31,https://www.insee.fr/fr/statistiques/series/102738928,2070
171,TCRED-EMPLOI-SALARIE-TRIM,Estimations d'emploi salarié par secteur d'activité,Estimates of salaried employment by business sector,https://www.insee.fr/fr/statistiques/series/102759768,1472
172,TCRED-ENTREPRISES-EFF-OPE,TCRED - Effectifs de recherche et développement des organismes publics et des entreprises,Public bodies and business headcount,https://www.insee.fr/fr/statistiques/series/102860791,144
173,TCRED-ENTREPRISES-EMP-SAL-AN-TAILLE,TCRED - Effectif salarié par catégorie d'entreprise,Paid employment by type of business,https://www.insee.fr/fr/statistiques/series/102860783,200
174,TCRED-ESTIMATIONS-POPULATION,TCRED - Estimations de population,Population estimates,https://www.insee.fr/fr/statistiques/series/102775111,819
175,TCRED-SALAIRES-REVENUS-MEN,TCRED - Revenus disponibles des ménages,Households' disposable income,https://www.insee.fr/fr/statistiques/series/102867456,565
176,TCRED-SALAIRES-REVENUS-RET-BEN,TCRED - Retraités et bénéficiaires du minimum vieillesse,Pensioners and recipients of minimum old age,https://www.insee.fr/fr/statistiques/series/102869396,812
177,TCRED-SALAIRES-REVENUS-REV-SAL-SEXE-CS,TCRED - Revenu salarial annuel moyen selon la catégorie socioprofessionnelle et le sexe,"Average annual wage income, by socioprofessional groups and gender",https://www.insee.fr/fr/statistiques/series/102870957,819
178,TCRED-SALAIRES-REVENUS-SAM-SEX-CSP,TCRED - Salaire annuel moyen net selon la catégorie socioprofessionnelle et le sexe,Net average annual wage according to the socio-professional group and sex,https://www.insee.fr/fr/statistiques/series/102871791,819
179,TCRED-SALAIRES-REVENUS-STRUCTURE-RDB,TCRED - Structure du revenu disponible,Breakdown of disposable income,https://www.insee.fr/fr/statistiques/series/102868820,565
180,TCRED-SALAIRES-REVENUS-TAUX-PAUVRETE-AGE,TCRED - Taux de pauvreté selon l'âge,Poverty rate according to age,https://www.insee.fr/fr/statistiques/series/102868023,791
181,TCRED-SALAIRES-REVENUS-TNB,TCRED - Nombre et taux d'allocataires des différentes prestations sociales,Number and rate of beneficiaries of various social-security benefits,https://www.insee.fr/fr/statistiques/series/102870227,1047
182,TCRED-SANTE-ACCUEIL-PERS-AGEES,TCRED - Accueil des personnes âgées,Accommodation for the elderly,https://www.insee.fr/fr/statistiques/series/102330304,702
183,TCRED-SANTE-CAUSES-DECES,TCRED - Causes de décès,Causes of death,https://www.insee.fr/fr/statistiques/series/102329103,936
184,TCRED-SANTE-EQUIP-HOP,TCRED - Équipements hospitaliers,Hospital equipment,https://www.insee.fr/fr/statistiques/series/102322690,351
185,TCRED-SANTE-EQUIP-SPE,TCRED - Ratio d'équipement par spécialité,Equipment ratio by medical speciality,https://www.insee.fr/fr/statistiques/series/102327278,351
186,TCRED-SANTE-PERSONNELS,TCRED - Personnels de santé,Health personnel,https://www.insee.fr/fr/statistiques/series/102322864,936
187,TCRED-SERVICES-TOURISME-TRANSPORTS-IMM-VN,TCRED - Immatriculations de véhicules neufs,New cars registration,https://www.insee.fr/fr/statistiques/series/105004667,1053
188,TCRED-SERVICES-TOURISME-TRANSPORTS-RR,TCRED - Réseau routier,Road network,https://www.insee.fr/fr/statistiques/series/105004901,333
189,TCRED-TRAVAIL-EMPLOI-EFF-FP-RATIO,TCRED - Effectifs de la fonction publique,Civil service headcount,https://www.insee.fr/fr/statistiques/series/102875603,817
190,TCRED-TRAVAIL-EMPLOI-EFF-FPE,TCRED - Effectifs de la fonction publique de l'État,State civil service headcount,https://www.insee.fr/fr/statistiques/series/102875755,1053
191,TCRED-TRAVAIL-EMPLOI-EFF-FPH,TCRED - Effectifs de la fonction publique hospitalière,Hospital civil service headcount,https://www.insee.fr/fr/statistiques/series/102877794,351
192,TCRED-TRAVAIL-EMPLOI-EFF-FPT,TCRED - Effectifs de la fonction publique territoriale,Local civil service headcount,https://www.insee.fr/fr/statistiques/series/102877806,351
193,TCRED-TRAVAIL-EMPLOI-TCHOMA-SA,"TCRED - Taux de chômage localisés par sexe et âge, en moyenne annuelle","Localised unemployment rates by gender, on annual average",https://www.insee.fr/fr/statistiques/series/105003011,702
194,TOURISME-FRANCE-METHODE-REDRESSEMENT-2019,"Fréquentation touristique (nuitées, arrivées)",Tourism occupancy (overnight stays and arrivals),https://www.insee.fr/fr/statistiques/series/113990189,3573
195,TRANSPORTS,"Transports de marchandises, voyageurs et autres indicateurs - Immatriculations de véhicules","Freight, passengers and other transportation indicators - Vehicle registrations",https://www.insee.fr/fr/statistiques/series/102775080,97
196,VOV-2015-COMMERCE,Volumes des ventes dans le commerce,Sales volume in wholesale and retail trade,https://www.insee.fr/fr/statistiques/series/109939810,236
