mesure,croisement,filtre_stat,filtre_geo,nom_tab,GEO2020FLORES2017
NBET,NA5-EFFECSAL5T_0_50P,hors secteur de la défense et hors particuliers employeurs,FHM_FLORES_P1000,RES T1,x
NBET_COM_REP_AUTO,EFFECSAL5T_0_50P,hors secteur de la défense et hors particuliers employeurs,FHM_FLORES_P1000,RES T1,x
NBSALET,NA5-EFFECSAL5T_1_100P,hors secteur de la défense et hors particuliers employeurs,FHM_FLORES_P1000,RES T2,x
NBSALET_GZ,EFFECSAL5T_1_100P,hors secteur de la défense et hors particuliers employeurs,FHM_FLORES_P1000,RES T2,x
NBET,SPHEREECO-DOMPUB,hors secteur de la défense et hors particuliers employeurs,FHM_FLORES_P1000,RES T3,x
NBSALET,SPHEREECO-DOMPUB,hors secteur de la défense et hors particuliers employeurs,FHM_FLORES_P1000,RES T3,x
NBET,NA17,hors secteur de la défense et hors particuliers employeurs,FHM_FLORES_P1000,RES T4,x
NBSALET,NA17,hors secteur de la défense et hors particuliers employeurs,FHM_FLORES_P1000,RES T4,x
NBET,INDICS_FLORES_ASSMAT,particuliers employeurs,FHM_FLORES_P1000,RES T5,x
NBET,INDICS_FLORES_AUTRES,particuliers employeurs,FHM_FLORES_P1000,RES T5,x
