variable,lib_var,modalite,lib_modalite,GEO2020FLORES2017
NA5,Activité économique regroupée en 5 postes,AZ,"Agriculture, sylviculture et pêche",x
NA5,Activité économique regroupée en 5 postes,BE,"Industrie manufacturière, industries extractives  et autres",x
NA5,Activité économique regroupée en 5 postes,FZ,Construction,x
NA5,Activité économique regroupée en 5 postes,GU,"Commerce, transports et services divers",x
NA5,Activité économique regroupée en 5 postes,OQ,"Administration publique, enseignement, santé humaine et action sociale",x
NA5,Activité économique regroupée en 5 postes,ENS,Ensemble,x
EFFECSAL5T_0_50P,"Effectif salarié regroupé en 5 tranches, de 0 salarié à 50 salariés et plus",00,0 salarié,x
EFFECSAL5T_0_50P,"Effectif salarié regroupé en 5 tranches, de 0 salarié à 50 salariés et plus",01,1 à 9 salariés,x
EFFECSAL5T_0_50P,"Effectif salarié regroupé en 5 tranches, de 0 salarié à 50 salariés et plus",02,10 à 19 salariés,x
EFFECSAL5T_0_50P,"Effectif salarié regroupé en 5 tranches, de 0 salarié à 50 salariés et plus",03,20 à 49 salariés,x
EFFECSAL5T_0_50P,"Effectif salarié regroupé en 5 tranches, de 0 salarié à 50 salariés et plus",04,50 salariés et plus,x
EFFECSAL5T_0_50P,"Effectif salarié regroupé en 5 tranches, de 0 salarié à 50 salariés et plus",ENS,Ensemble,x
EFFECSAL5T_1_100P,"Effectif salarié regroupé en 5 tranches, de 1 salarié à 100 salariés et plus",01,1 à 9 salariés,x
EFFECSAL5T_1_100P,"Effectif salarié regroupé en 5 tranches, de 1 salarié à 100 salariés et plus",02,10 à 19 salariés,x
EFFECSAL5T_1_100P,"Effectif salarié regroupé en 5 tranches, de 1 salarié à 100 salariés et plus",03,20 à 49 salariés,x
EFFECSAL5T_1_100P,"Effectif salarié regroupé en 5 tranches, de 1 salarié à 100 salariés et plus",04,50 à 99 salariés,x
EFFECSAL5T_1_100P,"Effectif salarié regroupé en 5 tranches, de 1 salarié à 100 salariés et plus",05,100 salariés et plus,x
EFFECSAL5T_1_100P,"Effectif salarié regroupé en 5 tranches, de 1 salarié à 100 salariés et plus",ENS,Ensemble,x
SPHEREECO,Sphère économique,1,Oui,x
SPHEREECO,Sphère économique,2,Non,x
SPHEREECO,Sphère économique,ENS,Ensemble,x
DOMPUB,Appartenance au domaine public d'un établissement,1,Oui,x
DOMPUB,Appartenance au domaine public d'un établissement,2,Non,x
DOMPUB,Appartenance au domaine public d'un établissement,ENS,Ensemble,x
NA17,Activité économique en 17 postes (NA - A17),AZ,"Agriculture, sylviculture et pêche                                                       ",x
NA17,Activité économique en 17 postes (NA - A17),C1,"Fabrication de denrées alimentaires, de boissons et  de produits à base de tabac",x
NA17,Activité économique en 17 postes (NA - A17),C2,Cokéfaction et raffinage,x
NA17,Activité économique en 17 postes (NA - A17),C3,"Fabrication d'équipements électriques, électroniques, informatiques ; fabrication de machines",x
NA17,Activité économique en 17 postes (NA - A17),C4,Fabrication de matériels de transport,x
NA17,Activité économique en 17 postes (NA - A17),C5,Fabrication d'autres produits industriels,x
NA17,Activité économique en 17 postes (NA - A17),DE,"Industries extractives, énergie, eau, gestion des déchets et dépollution",x
NA17,Activité économique en 17 postes (NA - A17),FZ,Construction,x
NA17,Activité économique en 17 postes (NA - A17),GZ,Commerce ; réparation d'automobiles et de motocycles,x
NA17,Activité économique en 17 postes (NA - A17),HZ,Transports et entreposage,x
NA17,Activité économique en 17 postes (NA - A17),IZ,Hébergement et restauration,x
NA17,Activité économique en 17 postes (NA - A17),JZ,Information et communication,x
NA17,Activité économique en 17 postes (NA - A17),KZ,Activités financières et d'assurance,x
NA17,Activité économique en 17 postes (NA - A17),LZ,Activités immobilières,x
NA17,Activité économique en 17 postes (NA - A17),MN,Activités scientifiques et techniques ; services administratifs et de soutien,x
NA17,Activité économique en 17 postes (NA - A17),OQ,"Administration publique, enseignement, santé humaine et action sociale",x
NA17,Activité économique en 17 postes (NA - A17),RU,Autres activités de services,x
NA17,Activité économique en 17 postes (NA - A17),ENS,Ensemble,x
INDICS_FLORES_ASSMAT,Employeurs d’assistantes maternelles,1,La modalité unique,x
INDICS_FLORES_AUTRES,Employeurs de salariés hors assistantes maternelles,1,La modalité unique,x
