mesure,croisement,filtre_stat,filtre_geo,filtre_geo_avt_2017,type_exploitation,nom_tab,GEO2020RP2017,GEO2019RP2016,RP2015,RP2014,RP2013,GEO2020RP2012,RP2012,GEO2019RP2011,RP2011,RP2010,RP2009,RP2008,GEO2020RP2007,RP2007,RP2006,RP1999
DUREE,STOCD,catl='1',FHM,FHM,Principale,LOG T7,x,x,x,x,x,x,x,x,x,x,x,x,x,x,x,
NBEMP,CS1_6,"cs3 not in ('7','8','J','X','Z') et TACT = '11'",FHM,FHM_P2000,Complémentaire,EMP T7,x,x,x,x,x,x,x,x,x,x,x,x,x,x,x,x
NBEMP,NA5,actr = '10',FHM,FHM_P2000,Complémentaire,EMP T8,,,,,,,,,,,,,,,,x
NBEMP,NA5-CS1_6-SEXE,tact='11',FHM_P10000,FHM_P10000,Complémentaire,EMP3 V2,x,x,x,x,x,,x,,x,x,x,x,,x,x,
NBEMP,NA5-CS3_29-SEXE,tact='11',FHM_P50000,FHM_P50000,Complémentaire,EMP3 V3,x,x,x,x,x,,x,,x,x,x,x,,,x,
NBEMP,NA5-CS3_31-SEXE,tact='11',FHM_P50000,FHM_P50000,Complémentaire,EMP3 V3,,,,,,,,,,,,,,x,,
NBEMP,SEXE-CS1_6,tact='11',FHM_P2000_M10000,FHM_P2000_M10000,Complémentaire,EMP3 V1,x,x,x,x,x,,x,,x,x,x,x,,x,x,
NBEMP,SEXE-EMPL,tact='11',FHM_P2000_M10000,FHM_P2000_M10000,Complémentaire,EMP4 V1,x,x,x,x,x,,x,,x,x,x,x,,x,x,
NBEMP,STAT-AGEACT6-TP-SEXE,tact='11',FHM_P50000,FHM_P50000,Complémentaire,EMP1 V3,x,x,x,x,x,,x,,x,x,x,x,,x,x,
NBEMP,STAT-AGEQ20_65P-TP-SEXE,tact='11',FHM_P50000,FHM_P50000,Complémentaire,EMP1 V4,x,x,x,x,x,,x,,x,x,x,x,,x,x,
NBEMP,STATR-AGEACT6-TP-SEXE,tact='11',FHM_P2000,FHM_P2000,Complémentaire,EMP1 V1,x,x,x,x,x,,x,,x,x,x,x,,x,x,
NBEMP,STATR-AGEQ20_65P-TP-SEXE,tact='11',FHM_P10000,FHM_P10000,Complémentaire,EMP1 V2,x,x,x,x,x,,x,,x,x,x,x,,x,x,
NBEMP,STATR-NA17-SEXE,tact='11',FHM_P10000,FHM_P10000,Complémentaire,EMP2 V2,x,x,x,x,x,,x,,x,x,x,x,,x,x,
NBEMP,STATR-NA38-SEXE,tact='11',FHM_P50000,FHM_P50000,Complémentaire,EMP2 V3,x,x,x,x,x,,x,,x,x,x,x,,x,x,
NBEMP,STATR-NA5-SEXE,tact='11',FHM_P2000,FHM_P2000,Complémentaire,EMP2 V1,x,x,x,x,x,x,x,x,x,x,x,x,x,x,x,
NBEMP,STATR-SEXE,tact='11',FHM,FHM,Principale,EMP T5,x,x,x,x,x,x,x,x,x,x,x,x,x,x,x,x
NBEMP,STATR-TP,tact='11',FHM,FHM,Principale,EMP T6,x,x,x,x,x,x,x,x,x,x,x,x,x,x,x,x
NBEMP,TP-EMPL-SEXE,tact='11',FHM_P10000,FHM_P10000,Complémentaire,EMP4 V2,x,x,x,x,x,,x,,x,x,x,x,,x,x,
NBENF,AGEFOR5-MATRC,"moco in ('11','12') et typfc='2'",FHM_P2000,FHM_P2000,Complémentaire,FAM7 V1,,,,,,,x,,x,x,x,x,,x,x,
NBENF,AGEFOR5-STAT_CONJC,"moco in ('11','12') et typfc='2'",FHM_P2000,FHM_P2000,Complémentaire,FAM7 V1,,x,x,x,x,,,,,,,,,,,
NBENF,AGEFOR5-STAT_CONJC_19,"moco in ('11','12') et typfc='2'",FHM_P2000,FHM_P2000,Complémentaire,FAM7 V1,x,,,,,,,,,,,,,,,
NBENF,AGEFOR5-TF12,"moco in ('11','12')",FHM_P10000,FHM_P10000,Complémentaire,FAM6 V2,x,x,x,x,x,,x,,x,x,x,x,,x,x,
NBENF,AGEFOR5-TF4,"moco in ('11','12')",FHM_P2000,FHM_P2000,Complémentaire,FAM6 V1,x,x,x,x,x,,x,,x,x,x,x,,x,x,
NBENF,NBENFFR-TF12,,FHM_P10000,FHM_P10000,Complémentaire,FAM5 V2,x,x,x,x,x,,x,,x,x,x,x,,x,x,
NBENF,NBENFFR-TF4,,FHM_P2000,FHM_P2000,Complémentaire,FAM5 V1,x,x,x,x,x,,x,,x,x,x,x,,x,x,
NBFAM,NBENFFR,,FHM,FHM_P2000,Complémentaire,FAM T3,,,,,,,,,,,,,,,,x
NBFAM,NBENFFR-CS1_8,"lprf=""1""",FHM_P2000,FHM_P2000,Complémentaire,FAM4 V1,x,x,x,x,x,,x,,x,x,x,x,,x,x,
NBFAM,NBENFFR-CS2_24,"lprf=""1""",FHM_P50000,FHM_P50000,Complémentaire,FAM4 V2,x,x,x,x,x,,x,,x,x,x,x,,x,x,
NBFAM,NBENFFR-INATC,"lprf=""1""",FHM_P2000,FHM_P2000,Complémentaire,FAM3 V1,x,x,x,x,x,,x,,x,x,x,x,,x,x,
NBFAM,NBENFFR-MATRC,typfc='2',FHM_P2000,FHM_P2000,Complémentaire,FAM2 V1,,,,,,,x,,x,x,x,x,,x,x,
NBFAM,NBENFFR-NAT13,"lprf=""1""",ME_P50000,ME_P50000,Complémentaire,FAM3 V2,x,x,x,x,x,,x,,x,x,x,x,,x,x,
NBFAM,NBENFFR-STAT_CONJC,typfc='2',FHM_P2000,FHM_P2000,Complémentaire,FAM2 V1,,x,x,x,x,,,,,,,,,,,
NBFAM,NBENFFR-STAT_CONJC_19,typfc='2',FHM_P2000,FHM_P2000,Complémentaire,FAM2 V1,x,,,,,,,,,,,,,,,
NBFAM,NBENFFR-TF12,,FHM_P10000,FHM_P10000,Complémentaire,FAM1 V2,x,x,x,x,x,,x,,x,x,x,x,,x,x,
NBFAM,NBENFFR-TF4,,FHM_P2000,FHM_P2000,Complémentaire,FAM1 V1,x,x,x,x,x,x,x,x,x,x,x,x,x,x,x,
NBFAM,TF4,,FHM,FHM_P2000,Complémentaire,FAM T3,,,,,,,,,,,,,,,,x
NBLOG,ACHL15-NBPIR-TYPLR,catl='1',FHM_P2000,FHM_P2000,Principale,PRINC6 V1,,,,,x,,,,,,,,,,,
NBLOG,ACHL15-STOCD-TYPLR,catl='1',FHM_P2000,FHM_P2000,Principale,PRINC25 V1,,,,,x,,,,,,,,,,,
NBLOG,ACHL16-NBPIR-TYPLR,catl='1',FHM_P2000,FHM_P2000,Principale,PRINC6 V1,,,,x,,,,,,,,,,,,
NBLOG,ACHL16-STOCD-TYPLR,catl='1',FHM_P2000,FHM_P2000,Principale,PRINC25 V1,,,,x,,,,,,,,,,,,
NBLOG,ACHLR2-NBPIR-TYPLR,catl='1',FHM_P2000,FHM_P2000,Principale,PRINC6 V1,,,,,,,,,,,,x,,x,x,
NBLOG,ACHLR2-STOCD-TYPLR,catl='1',FHM_P2000,FHM_P2000,Principale,PRINC25 V1,,,,,,,,,,,,x,,x,x,
NBLOG,ACHLR3T-NBPIR-TYPLR,catl='1',FHM_P2000,FHM_P2000,Principale,PRINC6 V1,,,,,,,x,,x,,,,,,,
NBLOG,ACHLR3T-STOCD-TYPLR,catl='1',FHM_P2000,FHM_P2000,Principale,PRINC25 V1,,,,,,,x,,x,,,,,,,
NBLOG,ACHLR3-TYPLR,catl='1',FHM,FHM,Principale,LOG T5,,,,,,,,,,,,x,x,x,x,
NBLOG,AGEMEN7-NBPIR-TYPLR,catl='1' et iprm='1',FHM_P2000,FHM_P2000,Principale,PRINC1 V1,x,x,x,x,x,,x,,x,x,x,x,,x,x,
NBLOG,AGEMEN7-STOCD-TYPLR,catl='1' et iprm='1',FHM_P2000,FHM_P2000,Principale,PRINC22 V1,x,x,x,x,x,,x,,x,x,x,x,,x,x,
NBLOG,AGEMEN7-TYPMC,catl='1' et lprm='1',FHM_P2000,FHM_P2000,Complémentaire,MEN5 V1,x,x,x,x,x,,x,,x,x,x,x,,x,x,
NBLOG,AGEMEN7-TYPMR,catl='1' et lprm='1',FHM_P10000,FHM_P10000,Complémentaire,MEN5 V2,x,x,x,x,x,,x,,x,x,x,x,,x,x,
NBLOG,ANEMR2,catl='1',FHM,FHM,Principale,LOG G2,x,x,x,x,x,x,x,x,x,x,x,x,x,x,x,
NBLOG,ANEMR2-CS1_8-TYPLR,catl='1' et lprm='1',FHM_P2000,FHM_P2000,Complémentaire,PRINC17 V1,,,,x,x,,x,,x,x,x,x,,x,x,
NBLOG,ANEMR2-NBPIR-TYPLR,catl='1',FHM_P2000,FHM_P2000,Principale,PRINC5 V1,x,x,x,x,x,,x,,x,x,x,x,,x,x,
NBLOG,ANEMR2-STOCD-TYPLR,catl='1',FHM_P2000,FHM_P2000,Principale,PRINC24 V1,,,,x,x,,x,,x,x,x,x,,x,x,
NBLOG,ANEMR3,catl='1',FHM,FHM,Principale,LOG T6,x,x,x,x,x,x,x,x,x,x,x,x,x,x,x,
NBLOG,ASCEN-NBPIR-TYPLR,catl='1',FHM_P2000,FHM_P2000,Principale,PRINC7 V1,,,,x,x,,x,,x,x,x,x,,x,x,
NBLOG,ASCEN-STOCD-TYPLR,catl='1',FHM_P2000,FHM_P2000,Principale,PRINC27 V1,x,x,x,x,x,,x,,x,x,x,x,,x,x,
NBLOG,BAINWC,catl='1',DHM,DHM,Principale,LOG T8D,x,x,x,x,x,x,x,x,x,x,x,x,x,x,x,
NBLOG,BAIN99-WC99,,DHM,DHM,Principale,LOG T8D,,,,,,,,,,,,,,,,x
NBLOG,BATI,catl='1',DHM,DHM,Principale,LOG T1,x,x,x,x,x,x,x,x,x,x,x,x,x,x,x,x
NBLOG,CATL-ACHL15-TYPLR,,FHM_P2000,FHM_P2000,Principale,LOG1 V1,,,,,x,,,,,,,,,,,
NBLOG,CATL-ACHL16-TYPLR,,FHM_P2000,FHM_P2000,Principale,LOG1 V1,,,,x,,,,,,,,,,,,
NBLOG,CATL-ACHL17-TYPLR,,FHM_P2000,FHM_P2000,Principale,LOG1 V1,,,x,,,,,,,,,,,,,
NBLOG,CATL-ACHL18-TYPLR,,FHM_P2000,FHM_P2000,Principale,LOG1 V1,,x,,,,,,,,,,,,,,
NBLOG,CATL-ACHL19-TYPLR,,FHM_P2000,FHM_P2000,Principale,LOG1 V1,x,,,,,,,,,,,,,,,
NBLOG,CATL-ACHLR2-TYPLR,,FHM_P2000,FHM_P2000,Principale,LOG1 V1,,,,,,,,,,,,x,,x,x,
NBLOG,CATL-ACHLR3T-TYPLR,,FHM_P2000,FHM_P2000,Principale,LOG1 V1,,,,,,,x,,x,,,,,,,
NBLOG,CATL-NBPIR-TYPLR,,FHM_P2000,FHM_P2000,Principale,LOG2 V1,x,x,x,x,x,x,x,x,x,x,x,x,x,x,x,
NBLOG,CHFL,catl='1',M,M,Principale,LOG T8,x,x,x,x,x,x,x,x,x,x,x,x,x,x,x,x
NBLOG,CHFL-CS1_8-TYPLR,catl='1' et lprm='1',M_P2000,M_P2000,Complémentaire,PRINC19M V1,,,,x,x,,x,,x,x,x,x,,x,x,
NBLOG,CHFL-NBPIR-TYPLR,catl='1',M_P2000,M_P2000,Principale,PRINC9M V1,,,,x,x,,x,,x,x,x,x,,x,x,
NBLOG,CHFL-STOCD-TYPLR,catl='1',M_P2000,M_P2000,Principale,PRINC29M V1,,,,x,x,,x,,x,x,x,x,,x,x,
NBLOG,CHOS,catl='1',DHM,DHM,Principale,LOG T8,x,x,x,x,x,x,x,x,x,x,x,x,x,x,x,x
NBLOG,CLIM,catl='1',DHM,DHM,Principale,LOG T8,x,x,x,x,x,x,x,x,x,x,x,x,x,x,x,x
NBLOG,CLIM-NBPIR-TYPLR,catl='1',DHM_P2000,DHM_P2000,Principale,PRINC13D V1,,,,x,x,,x,,x,x,x,x,,x,x,
NBLOG,CMBL-NBPIR-TYPLR,catl='1',M_P2000,M_P2000,Principale,PRINC10M V1,,,,x,x,,x,,x,x,x,x,,x,x,
NBLOG,CMBL-STOCD-TYPLR,catl='1',M_P2000,M_P2000,Principale,PRINC30M V1,,,,x,x,,x,,x,x,x,x,,x,x,
NBLOG,CS1_8,catl='1' et lprm='1',FHM,FHM_P2000,Complémentaire,FAM T2,x,x,x,x,x,x,x,x,x,x,x,x,x,x,x,x
NBLOG,DEROU-CS1_8-TYPLR,catl='1' et lprm='1',DHM_P2000,DHM_P2000,Complémentaire,PRINC21D V1,,,,x,x,,x,,x,x,x,x,,x,x,
NBLOG,EAUCHAUDE,catl='1',DHM,DHM,Principale,LOG T8,x,x,x,x,x,x,x,x,x,x,x,x,x,x,x,x
NBLOG,EAUELEC-NPERC-BATI,catl='1',DHM_P2000,DHM_P2000,Principale,PRINC34D V1,,,,x,x,,x,,x,x,x,x,,x,x,
NBLOG,EGOUL-NPERC-BATI,catl='1',DHM_P2000,DHM_P2000,Principale,PRINC35D V1,,,,x,x,,x,,x,x,x,x,,x,x,
NBLOG,ELEC,catl='1',DHM,DHM,Principale,LOG T8,x,x,x,x,x,x,x,x,x,x,x,x,x,x,x,x
NBLOG,GARL,catl='1',FHM,FHM,Principale,LOG T9,x,x,x,x,x,x,x,x,x,x,x,x,x,x,x,x
NBLOG,GARL-NBPIR-TYPLR,catl='1',FHM_P2000,FHM_P2000,Principale,PRINC8 V1,,,,x,x,,x,,x,x,x,x,,x,x,
NBLOG,GARL-STOCD-TYPLR,catl='1',FHM_P2000,FHM_P2000,Principale,PRINC28 V1,,,,x,x,,x,,x,x,x,x,,x,x,
NBLOG,NBPIR5P,catl='1',FHM,FHM,Principale,LOG T3,x,x,x,x,x,x,x,x,x,x,x,x,x,x,x,x
NBLOG,NBPIR-CS1_8-TYPLR,catl='1' et lprm='1',FHM_P2000,FHM_P2000,Complémentaire,PRINC16 V1,,,,x,x,,x,,x,x,x,x,,x,x,
NBLOG,NPERC-AGEMEN7-SEXE,catl='1' et lprm='1',FHM_P2000,FHM_P2000,Complémentaire,MEN4 V1,x,x,x,x,x,,x,,x,x,x,x,,x,x,
NBLOG,NPERC-AGEQ20_80-SEXE,catl='1' et lprm='1',FHM_P50000,FHM_P50000,Complémentaire,MEN4 V2,x,x,x,x,x,,x,,x,x,x,x,,x,x,
NBLOG,NPERC-CS1_8,catl='1' et lprm='1',FHM_P2000,FHM_P2000,Complémentaire,MEN1 V1,x,x,x,x,x,,x,,x,x,x,x,,x,x,
NBLOG,NPERC-CS2_24,catl='1' et lprm='1',FHM_P10000,FHM_P10000,Complémentaire,MEN1 V2,x,x,x,x,x,,x,,x,x,x,x,,x,x,
NBLOG,NPERC-NBPIR-TYPLR,catl='1',FHM_P2000,FHM_P2000,Principale,PRINC3 V1,x,x,x,x,x,,x,,x,x,x,x,,x,x,
NBLOG,NPERC-STOCD-TYPLR,catl='1',FHM_P2000,FHM_P2000,Principale,PRINC23 V1,,,,x,x,,x,,x,x,x,x,,x,x,
NBLOG,SANI,catl='1',M,M,Principale,LOG T8,x,x,x,x,x,x,x,x,x,x,x,x,x,x,x,x
NBLOG,SANI-CS1_8-TYPLR,catl='1' et lprm='1',M_P2000,M_P2000,Complémentaire,PRINC20M V1,,,,x,x,,x,,x,x,x,x,,x,x,
NBLOG,SANIDOM-NBPIR-TYPLR,catl='1',DHM_P2000,DHM_P2000,Principale,PRINC12D V1,,,,x,x,,x,,x,x,x,x,,x,x,
NBLOG,SANIDOM-NPERC-BATI,catl='1',DHM_P2000,DHM_P2000,Principale,PRINC33D V1,,,,x,x,,x,,x,x,x,x,,x,x,
NBLOG,SANIDOM-STOCD-TYPLR,catl='1',DHM_P2000,DHM_P2000,Principale,PRINC32D V1,,,,x,x,,x,,x,x,x,x,,x,x,
NBLOG,SANI-NBPIR-TYPLR,catl='1',M_P2000,M_P2000,Principale,PRINC11M V1,,,,x,x,,x,,x,x,x,x,,x,x,
NBLOG,SANI-STOCD-TYPLR,catl='1',M_P2000,M_P2000,Principale,PRINC31M V1,,,,x,x,,x,,x,x,x,x,,x,x,
NBLOG,STOCD,catl='1',FHM,FHM,Principale,LOG T7,x,x,x,x,x,x,x,x,x,x,x,x,x,x,x,x
NBLOG,STOCD-CS1_8-TYPLR,catl='1' et lprm='1',FHM_P2000,FHM_P2000,Complémentaire,PRINC14 V1,,,,x,x,,x,,x,x,x,x,,x,x,
NBLOG,STOCD-NBPIR-TYPLR,catl='1',FHM_P2000,FHM_P2000,Principale,PRINC2 V1,x,x,x,x,x,,x,,x,x,x,x,,x,x,
NBLOG,SURF_15-CS1_8-TYPLR,catl='1' et lprm='1',FHM_P2000,FHM_P2000,Complémentaire,PRINC15 V1,x,x,x,x,x,,,,,,,,,,,
NBLOG,SURF_15-NBPIR-TYPLR,catl='1',FHM_P2000,FHM_P2000,Principale,PRINC4 V1,,,,x,x,,,,,,,,,,,
NBLOG,SURF_15-STOCD-TYPLR,catl='1',FHM_P2000,FHM_P2000,Principale,PRINC26 V1,,,,x,x,,,,,,,,,,,
NBLOG,SURF11-CS1_8-TYPLR,catl='1' et lprm='1',FHM_P2000,FHM_P2000,Complémentaire,PRINC15 V1,,,,,,,x,,x,x,x,,,,,
NBLOG,SURF11-NBPIR-TYPLR,catl='1',FHM_P2000,FHM_P2000,Principale,PRINC4 V1,,,,,,,x,,x,x,x,,,,,
NBLOG,SURF11-STOCD-TYPLR,catl='1',FHM_P2000,FHM_P2000,Principale,PRINC26 V1,,,,,,,x,,x,x,x,,,,,
NBLOG,SURF-CS1_8-TYPLR,catl='1' et lprm='1',FHM_P2000,FHM_P2000,Complémentaire,PRINC15 V1,,,,,,,,,,,,x,,x,x,
NBLOG,SURF-NBPIR-TYPLR,catl='1',FHM_P2000,FHM_P2000,Principale,PRINC4 V1,,,,,,,,,,,,x,,x,x,
NBLOG,SURF-STOCD-TYPLR,catl='1',FHM_P2000,FHM_P2000,Principale,PRINC26 V1,,,,,,,,,,,,x,,x,x,
NBLOG,TACTR-AGEMEN8_A-SEXE,catl='1' et lprm='1',FHM_P2000,FHM_P2000,Complémentaire,MEN3 V1,x,x,x,x,x,,x,,x,x,x,x,,x,x,
NBLOG,TACTR-AGEQ80_14-SEXE,catl='1' et lprm='1',FHM_P50000,FHM_P50000,Complémentaire,MEN3 V2,x,x,x,x,x,,x,,x,x,x,x,,x,x,
NBLOG,TF4,catl='1' et typmr>='31' et typmr<='44',FHM,FHM_P2000,Complémentaire,FAM T1,x,x,x,x,x,x,x,x,x,x,x,x,x,x,x,x
NBLOG,TOUTALEGOU,catl='1',DHM,DHM,Principale,LOG T8,x,x,x,x,x,x,x,x,x,x,x,x,x,x,x,x
NBLOG,TYPLR-ACHL15,catl='1',FHM,FHM,Principale,LOG T5,,,,,x,,,,,,,,,,,
NBLOG,TYPLR-ACHL16,catl='1',FHM,FHM,Principale,LOG T5,,,,x,,,,,,,,,,,,
NBLOG,TYPLR-ACHL17,catl='1',FHM,FHM,Principale,LOG T5,,,x,,,,,,,,,,,,,
NBLOG,TYPLR-ACHL18,catl='1',FHM,FHM,Principale,LOG T5,,x,,,,,,,,,,,,,,
NBLOG,TYPLR-ACHL19,catl='1',FHM,FHM,Principale,LOG T5,x,,,,,,,,,,,,,,,
NBLOG,TYPLR-ACHLR3T,catl='1',FHM,FHM,Principale,LOG T5,,,,,,x,x,x,x,,,,,,,
NBLOG,TYPLR-CATL,,FHM,FHM,Principale,LOG T2,x,x,x,x,x,x,x,x,x,x,x,x,x,x,x,x
NBLOG,TYPMR,catl='1' et lprm='1',FHM,FHM_P2000,Complémentaire,FAM T1,x,x,x,x,x,x,x,x,x,x,x,x,x,x,x,x
NBLOG,VOIT,catl='1',FHM,FHM,Principale,LOG T9,x,x,x,x,x,x,x,x,x,x,x,x,x,x,x,x
NBLOG,VOIT-CS1_8-TYPLR,catl='1' et lprm='1',FHM_P2000,FHM_P2000,Complémentaire,PRINC18 V1,,,,x,x,,x,,x,x,x,x,,x,x,
NBPIECES,ANEMR3,catl='1',FHM,FHM,Principale,LOG T6,x,x,x,x,x,x,x,x,x,x,x,x,x,x,x,
NBPIECES,TYPLR-CATL,,FHM,FHM,Principale,LOG T4,x,x,x,x,x,x,x,x,x,x,x,x,x,x,x,x
NBSAL,TP-SEXE-AGE3P,statr='1',FHM,FHM,Principale,ACT T3,x,x,x,x,x,x,x,x,x,x,x,x,x,x,x,
NBSAL,TP-SEXE,aged>'014' et actdp='100',FHM,FHM,Principale,ACT G1,,,,,,,,,,,,,,,,x
NPERSEULES,AGEMEN8_A,nper='01',FHM,FHM,Principale,FAM G2,x,x,x,x,x,x,x,x,x,x,x,x,x,x,x,x
POP,AGE4_A-CS1_8,aged>'014',FHM,FHM_P2000,Complémentaire,POP T6,,,,,,,,x,x,x,x,x,x,,x,
POP,AGE15_15_90,,FHM,FHM,Principale,POP T0,,,,,,,,,,,,,,,,x
POP,AGEACT6_B-EMPL-SEXE,tact='11',FHM_P2000_M50000,FHM_P2000_M50000,Complémentaire,ACT2B V1,x,x,x,x,x,,x,,x,x,x,x,,x,x,
POP,AGEACT6_B-EMPL-TP-SEXE,tact='11',FHM_P50000,FHM_P50000,Complémentaire,ACT2B V2,x,x,x,x,x,,x,,x,x,x,x,,x,x,
POP,AGEFOR5-CS1_8,"catl='1' et lprf='1' et moco in ('11','12')",FHM_P2000,FHM_P2000,Complémentaire,FAM9 V1,x,x,x,x,x,,x,,x,x,x,x,,x,x,
POP,AGEFOR5-CS2_24,"catl='1' et lprf='1' et moco in ('11','12')",FHM_P50000,FHM_P50000,Complémentaire,FAM9 V2,x,x,x,x,x,,x,,x,x,x,x,,x,x,
POP,AGEFOR5-INATC,"catl='1' et lprf='1' et moco in ('11','12')",FHM_P2000,FHM_P2000,Complémentaire,FAM8 V1,x,x,x,x,x,,x,,x,x,x,x,,x,x,
POP,AGEFOR5-NAT13,"catl='1' et lprf='1' et moco in ('11','12')",ME_P50000,ME_P50000,Complémentaire,FAM8 V2,x,x,x,x,x,,x,,x,x,x,x,,x,x,
POP,AGEMEN7-TYPMC,catl='1' et lprm='1',FHM_P2000,FHM_P2000,Complémentaire,MEN6 V1,x,x,x,x,x,,x,,x,x,x,x,,x,x,
POP,AGEMEN7-TYPMR,catl='1' et lprm='1',FHM_P10000,FHM_P10000,Complémentaire,MEN6 V2,x,x,x,x,x,,x,,x,x,x,x,,x,x,
POP,AGEMEN8_A-COUPLE,,FHM,FHM,Principale,FAM G3,x,x,x,x,x,x,x,x,x,x,x,x,x,x,x,
POP,AGESCOL-ETUD,,FHM,FHM,Principale,FOR T1,,,,,,,,,,,,,,,,x
POP,AGESCOL-SEXE-ETUD,,FHM,FHM,Principale,FOR T1,x,x,x,x,x,x,x,x,x,x,x,x,x,x,x,
POP,ANEMR3,catl='1',FHM,FHM,Principale,LOG T6,x,x,x,x,x,x,x,x,x,x,x,x,x,x,x,
POP,CS1_6-AGEACT6_B,tact='11',FHM_P2000_M10000,FHM_P2000_M10000,Complémentaire,ACT5 V1,x,x,x,x,x,,x,,x,x,x,x,,x,x,
POP,CS1_6-AGEACT6_B-SEXE,tact='11',FHM_P10000,FHM_P10000,Complémentaire,ACT5 V2,x,x,x,x,x,,x,,x,x,x,x,,x,x,
POP,CS1_6-AGEQ65-SEXE,tact='11',FHM_P50000,FHM_P50000,Complémentaire,ACT5 V3,x,x,x,x,x,,x,,x,x,x,x,,x,x,
POP,CS1_6-NA17-SEXE,aged>'014' et tact='11',FHM_P50000,FHM_P50000,Complémentaire,ACT4 V3,x,x,x,x,x,,x,,x,x,x,x,,x,x,
POP,CS1_6-NA5-SEXE,aged>'014' et tact='11',FHM_P10000,FHM_P10000,Complémentaire,ACT4 V2,x,x,x,x,x,,x,,x,x,x,x,,x,x,
POP,CS1_6-SEXE,aged>'014' et tact='11',FHM_P2000_M10000,FHM_P2000_M10000,Complémentaire,ACT4 V1,x,x,x,x,x,,x,,x,x,x,x,,x,x,
POP,CS1_6-TACTR_2,aged>'014' et aged<'065' et tactc='1',FHM,FHM_P2000,Complémentaire,EMP T3,x,x,x,x,x,x,x,x,x,x,x,x,x,x,x,
POP,CS1_6-TACTR99_2,aged>'014' et aged<'065',FHM,FHM_P2000,Complémentaire,EMP T3,,,,,,,,,,,,,,,,x
POP,CS1_8,catl='1' et lprm='1',FHM,FHM_P2000,Complémentaire,FAM T2,x,x,x,x,x,x,x,x,x,x,x,x,x,x,x,x
POP,CS1_8-AGEACT6_B,,FHM_P2000_M10000,FHM_P2000_M10000,Complémentaire,POP6 V1,x,x,x,x,x,,x,,x,x,x,x,,x,x,
POP,CS1_8-AGEACT6_B-SEXE,,FHM_P10000,FHM_P10000,Complémentaire,POP6 V2,x,x,x,x,x,,x,,x,x,x,x,,x,x,
POP,CS1_8-AGEQ65-SEXE,,FHM_P50000,FHM_P50000,Complémentaire,POP6 V3,x,x,x,x,x,,x,,x,x,x,x,,x,x,
POP,CS1_8-AGEREMPLOI,aged>'014',FHM,FHM_P2000,Complémentaire,POP T6,x,x,x,x,x,x,x,,,,,,,x,,
POP,CS1_8-INATC-SEXE,,FHM_P2000,FHM_P2000,Complémentaire,NAT3A V1,x,x,x,x,x,,x,,x,x,x,x,,x,x,
POP,CS1_8-IRANR_4,aged>='001',FHM_P2000,FHM_P2000,Complémentaire,MIG2 V1,x,x,x,x,x,,,,,,,,,,,
POP,CS1_8-NAT13,,ME_P50000,ME_P50000,Complémentaire,NAT3B V1,x,x,x,x,x,,x,,x,x,x,x,,x,x,
POP,CS1_8-PNAI12_A-SEXE,immi='1',ME_P50000,ME_P50000,Complémentaire,IMG3B V1,x,x,x,x,x,,x,,x,x,x,x,,,,
POP,CS1_8-SEXE,aged>'014',FHM,FHM_P2000,Complémentaire,POP T5,x,x,x,x,x,x,x,x,x,x,x,x,x,x,x,
POP,CS2_24-IRANR,aged>='001',FHM_P50000,FHM_P50000,Complémentaire,MIG2 V2,,,,,x,,,,,,,x,,,x,
POP,CS2_24-IRANR_4,aged>='001',FHM_P50000,FHM_P50000,Complémentaire,MIG2 V2,x,x,x,x,x,,,,,,,,,,,
POP,DIPL_R,aged>'014' et iletu2='Z',FHM,FHM,Principale,FOR G2,,,,,,,,,,,,,,,,x
POP,EMPL-SEXE,aged>'014' et tact='11',FHM,FHM,Principale,ACT T2,x,x,x,x,x,x,x,x,x,x,x,x,x,x,x,
POP,ILTDUU4-TRANS_19-SEXE,aged>'014' et tact='11',FHM_P2000,FHM_P2000,Complémentaire,NAV2B V1,x,,,,,,,,,,,,,,,
POP,ILTDUU4-TRANS-SEXE,aged>'014' et tact='11',FHM_P2000,FHM_P2000,Complémentaire,NAV2B V1,,x,x,x,x,,x,,x,x,x,x,,,x,
POP,ILTDUU-TRANS-SEXE,aged>'014' et tact='11',FHM_P2000,FHM_P2000,Complémentaire,NAV2B V1,,,,,x,,x,,x,x,x,x,,x,x,
POP,ILTR,aged>'014' et tact='11',FHM,FHM,Principale,ACT T4,x,x,x,x,x,x,x,x,x,x,x,x,x,x,x,x
POP,ILTR2-AGEACT6_B-SEXE,tact='11',FHM_P2000,FHM_P2000,Complémentaire,NAV1 V1,x,x,x,x,x,,x,,x,x,x,x,,,x,
POP,ILTR2-AGEQ65-SEXE,tact='11',FHM_P10000,FHM_P10000,Complémentaire,NAV1 V2,x,x,x,x,x,,x,,x,x,x,x,,,x,
POP,ILTR2-CS1_6-SEXE,aged>'014' et tact='11',FHM_P2000,FHM_P2000,Complémentaire,NAV3 V1,x,x,x,x,x,,x,,x,x,x,x,,,x,
POP,ILTR2-CS2_18-SEXE,aged>'014' et tact='11',FHM_P50000,FHM_P50000,Complémentaire,NAV3 V2,x,x,x,x,x,,x,,x,x,x,x,,,x,
POP,ILTR2-NA5-SEXE,aged>'014' et tact='11',FHM_P2000,FHM_P2000,Complémentaire,NAV4 V1,x,x,x,x,x,,x,,x,x,x,x,,,x,
POP,ILTR2-TRANS_19-SEXE,aged>'014' et tact='11',FHM_P2000,FHM_P2000,Complémentaire,NAV2A V1,x,,,,,,,,,,,,,,,
POP,ILTR2-TRANS-SEXE,aged>'014' et tact='11',FHM_P2000,FHM_P2000,Complémentaire,NAV2A V1,,x,x,x,x,,x,,x,x,x,x,,,x,
POP,ILTR-AGEACT6_B-SEXE,tact='11',FHM_P2000,FHM_P2000,Complémentaire,NAV1 V1,,,,,,,,,,,,,,x,,
POP,ILTR-AGEQ65-SEXE,tact='11',FHM_P10000,FHM_P10000,Complémentaire,NAV1 V2,,,,,x,,x,,x,x,x,x,,x,x,
POP,ILTR-CS1_6-SEXE,aged>'014' et tact='11',FHM_P2000,FHM_P2000,Complémentaire,NAV3 V1,,,,,,,,,,,,,,x,,
POP,ILTR-CS2_18-SEXE,aged>'014' et tact='11',FHM_P50000,FHM_P50000,Complémentaire,NAV3 V2,,,,,x,,x,,x,x,x,x,,x,x,
POP,ILTR-NA5-SEXE,aged>'014' et tact='11',FHM_P2000,FHM_P2000,Complémentaire,NAV4 V1,,,,,x,,x,,x,x,x,x,,x,x,
POP,ILTR-TRANS-SEXE,aged>'014' et tact='11',FHM_P2000,FHM_P2000,Complémentaire,NAV2A V1,,,,,x,,x,,x,x,x,x,,x,x,
POP,IMMI-CS1_8-SEXE,,FHM_P2000,FHM_P2000,Complémentaire,IMG3A V1,x,x,x,x,x,,x,,x,x,x,x,,,,
POP,INATC-SEXE-AGE4_B-IRANR_4,aged>'000',FHM_P10000,FHM_P10000,Principale,MIG1 V2,x,x,x,x,x,,,,,,,,,,,
POP,INATC-SEXE-AGEMEN8_B-IRANR,,DME_P50000,DME_P50000,Complémentaire,MIG1 V3,,,,,,,,,,,,x,,,x,
POP,INATC-SEXE-AGEMEN8_C-IRANR,,FHM_P50000,FHM_P50000,Principale,MIG1 V3,,,,,x,,,,,,,,,,,
POP,INATC-SEXE-AGEMEN8_C-IRANR_4,aged>'000',FHM_P50000,FHM_P50000,Principale,MIG1 V3,x,x,x,x,x,,,,,,,,,,,
POP,IRANC-AGE5_55,aged>='001',FHM,FHM,Principale,POP G3,x,x,x,x,x,x,x,x,x,,,x,x,x,x,
POP,IRANR_2,aged>='001',FHM,FHM,Principale,POP T4,x,x,x,x,x,x,x,x,x,,,x,x,x,,
POP,IRANR_2-AGE5_55,ageq<>'000',FHM,FHM,Principale,POP T4,,,,,,,,,,,,,x,x,x,
POP,MATR,aged>'014',FHM,FHM,Principale,FAM G4,,,,,,x,x,x,x,x,x,x,x,x,x,
POP,MOCO-AGEMEN8-SEXE,catl='1',FHM_P2000,FHM_P2000,Complémentaire,MEN7 V1,x,x,x,x,x,,x,,x,x,x,x,,x,x,
POP,MOCO-AGEQ80_17-SEXE,catl='1',FHM_P50000,FHM_P50000,Complémentaire,MEN7 V2,x,x,x,x,x,,x,,x,x,x,x,,x,x,
POP,NPERC-CS1_8,catl='1' et lprm='1',FHM_P2000,FHM_P2000,Complémentaire,MEN2 V1,x,x,x,x,x,,x,,x,x,x,x,,x,x,
POP,NPERC-CS2_24,catl='1' et lprm='1',FHM_P10000,FHM_P10000,Complémentaire,MEN2 V2,x,x,x,x,x,,x,,x,x,x,x,,x,x,
POP,SEXE-AGE15_15_90,,FHM,FHM,Principale,POP T3,x,x,x,x,x,x,x,x,x,x,x,x,x,x,x,
POP,SEXE-AGE3,,FHM,FHM,Principale,EMP T2,x,x,x,x,x,x,x,x,x,x,x,x,x,x,x,
POP,SEXE-AGE3_B,,FHM,FHM,Principale,POP T3,x,x,x,x,x,x,x,x,x,x,x,x,x,x,x,
POP,SEXE-AGE4_B-IRANR_4,aged>'000',FHM_P2000_M10000,FHM_P2000_M10000,Principale,MIG1 V1,x,x,x,x,x,,,,,,,,,,,
POP,SEXE-AGE4-IMMI,,FHM_P2000,FHM_P2000,Principale,IMG1A V1,x,x,x,x,x,,x,,x,x,x,x,,,,
POP,SEXE-AGE4-IMMI-TACTR_3,aged<'014',FHM_P2000,FHM_P2000,Principale,IMG1 V1,,,,,,,,,,,,,,x,x,
POP,SEXE-AGE4-INATC,,FHM_P2000,FHM_P2000,Principale,NAT1 V1,x,x,x,x,x,,x,,x,x,x,x,,x,x,
POP,SEXE-AGE4-NAT13,,ME_P50000,ME_P50000,Principale,NAT1 V2,x,x,x,x,x,,x,,x,x,x,x,,x,x,
POP,SEXE-AGE4-NATE49_B,,ME_P500000,ME_P500000,Principale,NAT1 V3,x,x,x,x,x,,x,,x,x,x,,,,,
POP,SEXE-AGE4-PNAI12_A,immi='1',ME_P50000,ME_P50000,Principale,IMG1B V1,x,x,x,x,x,,x,,x,x,x,x,,,,
POP,SEXE-AGE4-PNAI48_A,immi='1',ME_P500000,ME_P500000,Principale,IMG1B V2,x,x,x,x,x,,x,,x,x,x,x,,,,
POP,SEXE-AGEACT6_B-DIPL,iletud='Z',FHM_P2000,FHM_P2000,Principale,FOR2 V1,,,,,,,x,,x,x,x,x,,x,x,
POP,SEXE-AGEACT6_B-DIPL_15,iletud='Z',FHM_P2000,FHM_P2000,Principale,FOR2 V1,,x,x,x,x,,,,,,,,,,,
POP,SEXE-AGEACT6_B-DIPL_19,iletud='Z',FHM_P2000,FHM_P2000,Principale,FOR2 V1,x,,,,,,,,,,,,,,,
POP,SEXE-AGEACT6_B-TACTR,,FHM_P2000,FHM_P2000,Principale,POP5 V1,x,x,x,x,x,,x,,x,x,x,x,,x,x,
POP,SEXE-AGEACT6_B-TACTR_2,aged>'014',FHM_P2000,FHM_P2000,Principale,ACT1 V1,x,x,x,x,x,,x,,x,x,x,x,,x,x,
POP,SEXE-AGED100,,FHM_P50000,FHM_P50000,Principale,POP1B V2,x,x,x,x,x,,x,,x,x,x,x,,x,x,
POP,SEXE-AGED65-TACTR_2,aged>'014',FHM_P50000,FHM_P50000,Principale,ACT1 V3,x,x,x,x,x,,x,,x,x,x,x,,x,x,
POP,SEXE-AGEFOR10-ILETUR,,FHM_P2000,FHM_P2000,Principale,FOR1 V1,,,,,,,,,,,,,,x,,
POP,SEXE-AGEFOR10-ILETUR2,,FHM_P2000,FHM_P2000,Principale,FOR1 V1,x,x,x,x,x,,x,,x,x,x,x,,,x,
POP,SEXE-AGEFORD-ILETUR,,FHM_P50000,FHM_P50000,Principale,FOR1 V2,,,,,x,,x,,x,x,x,x,,x,x,
POP,SEXE-AGEFORD-ILETUR2,,FHM_P50000,FHM_P50000,Principale,FOR1 V2,x,x,x,x,x,,x,,x,x,x,x,,,x,
POP,SEXE-AGEMEN8_A-COUPLE,,FHM_P2000,FHM_P2000,Principale,POP4 V1,x,x,x,x,x,,x,,x,x,x,x,,x,x,
POP,SEXE-AGEMEN8_A-MATR,,FHM_P2000,FHM_P2000,Principale,POP3 V1,,,,,,,x,,x,x,x,x,,x,x,
POP,SEXE-AGEMEN8_A-STAT_CONJ,,FHM_P2000,FHM_P2000,Principale,POP3 V1,,x,x,x,x,,,,,,,,,,,
POP,SEXE-AGEMEN8_A-STAT_CONJ_19,,FHM_P2000,FHM_P2000,Principale,POP3 V1,x,,,,,,,,,,,,,,,
POP,SEXE-AGEPYR10,,FHM_P2000,FHM_P2000,Principale,POP1A V1,x,x,x,x,x,,x,,x,x,x,x,,x,x,
POP,SEXE-AGEQ100,,FHM_P2000,FHM_P2000,Principale,POP1B V1,x,x,x,x,x,,x,,x,x,x,x,,x,x,
POP,SEXE-AGEQ65-DIPL,iletud='Z',FHM_P50000,FHM_P50000,Principale,FOR2 V2,,,,,,,x,,x,x,x,x,,x,x,
POP,SEXE-AGEQ65-DIPL_15,iletud='Z',FHM_P50000,FHM_P50000,Principale,FOR2 V2,,x,x,x,x,,,,,,,,,,,
POP,SEXE-AGEQ65-DIPL_19,iletud='Z',FHM_P50000,FHM_P50000,Principale,FOR2 V2,x,,,,,,,,,,,,,,,
POP,SEXE-AGEQ65-TACTR,,FHM_P50000,FHM_P50000,Principale,POP5 V2,x,x,x,x,x,,x,,x,x,x,x,,x,x,
POP,SEXE-AGEQ65-TACTR_2,aged>'014',FHM_P2000,FHM_P2000,Principale,ACT1 V2,x,x,x,x,x,,x,,x,x,x,x,,x,x,
POP,SEXE-AGEQ80_14-COUPLE,,FHM_P50000,FHM_P50000,Principale,POP4 V2,x,x,x,x,x,,x,,x,x,x,x,,x,x,
POP,SEXE-AGEQ80_14-MATR,,FHM_P50000,FHM_P50000,Principale,POP3 V2,,,,,,,x,,x,x,x,x,,x,x,
POP,SEXE-AGEQ80_14-STAT_CONJ,,FHM_P50000,FHM_P50000,Principale,POP3 V2,,x,x,x,x,,,,,,,,,,,
POP,SEXE-AGEQ80_14-STAT_CONJ_19,,FHM_P50000,FHM_P50000,Principale,POP3 V2,x,,,,,,,,,,,,,,,
POP,SEXE-AGEREMPLOI-IMMI-TACTR,,FHM_P50000,FHM_P50000,Principale,IMG2A V2,x,x,x,x,x,,x,,x,x,x,x,,,,
POP,SEXE-AGEREMPLOI-IMMI-TACTR_3,,FHM_P50000,FHM_P50000,Principale,IMG1 V2,,,,,,,,,,,,,,x,x,
POP,SEXE-CATPR-AGEMEN8,,FHM_P2000,FHM_P2000,Principale,POP2 V1,x,x,x,x,x,,x,,x,x,x,x,,x,x,
POP,SEXE-CATPR-AGEQ100,,FHM_P50000,FHM_P50000,Principale,POP2 V2,x,x,x,x,x,,x,,x,x,x,x,,x,x,
POP,SEXE-DIPL_19,aged>'014' et iltud='Z',FHM,FHM,Principale,FOR T2,x,,,,,,,,,,,,,,,
POP,SEXE-DIPL_15,aged>'014' et iltud='Z',FHM,FHM,Principale,FOR T2,,x,x,x,x,,,,,,,,,,,
POP,SEXE-DIPL_R,aged>'014' et iltud='Z',FHM,FHM,Principale,FOR T2,,,,,,x,x,x,x,x,x,x,x,x,x,
POP,SEXE-IMMI-TACTR,aged>'014',FHM_P2000_M50000,FHM_P2000_M50000,Principale,IMG2A V1,x,x,x,x,x,,x,,x,x,x,x,,,,
POP,SEXE-TACTR_3-INATC,aged>'014',FHM_P2000,FHM_P2000,Principale,NAT2 V1,,,,,,,,,,,,,,x,,
POP,SEXE-TACTR-INATC,aged>'014',FHM_P2000,FHM_P2000,Principale,NAT2 V1,x,x,x,x,x,,x,,x,x,x,x,,x,x,
POP,SEXE-TACTR-NAT13,aged>'014',ME_P50000,ME_P50000,Principale,NAT2 V2,x,x,x,x,x,,x,,x,x,x,x,,x,x,
POP,SEXE-TACTR-PNAI12_A,aged>'014' et immi='1',ME_P50000,ME_P50000,Principale,IMG2B V1,x,x,x,x,x,,x,,x,x,x,x,,,,
POP,SEXE-TACTR99_2,aged>'014' et aged<'065',FHM,FHM,Principale,EMP T4,,,,,,,,,,,,,,,,x
POP,STAT_CONJ_19,aged>'014',FHM,FHM,Principale,FAM G4,x,,,,,,,,,,,,,,,
POP,STAT_CONJ,aged>'014',FHM,FHM,Principale,FAM G4,,x,x,x,x,,,,,,,,,,,
POP,STATR-AGEACT6_B-TP-SEXE,tact='11',FHM_P2000,FHM_P2000,Complémentaire,ACT2A V1,x,x,x,x,x,,x,,x,x,x,x,,x,x,
POP,STATR-AGEQ65-TP-SEXE,tact='11',FHM_P50000,FHM_P50000,Complémentaire,ACT2A V2,x,x,x,x,x,,x,,x,x,x,x,,x,x,
POP,STATR-NA17-SEXE,aged>'014' et tact='11',FHM_P10000,FHM_P10000,Complémentaire,ACT3 V2,x,x,x,x,x,,x,,x,x,x,x,,x,x,
POP,STATR-NA38-SEXE,aged>'014' et tact='11',FHM_P50000,FHM_P50000,Complémentaire,ACT3 V3,x,x,x,x,x,,x,,x,x,x,x,,x,x,
POP,STATR-NA5-SEXE,aged>'014' et tact='11',FHM_P2000,FHM_P2000,Complémentaire,ACT3 V1,x,x,x,x,x,,x,,x,x,x,x,,x,x,
POP,STATR-SEXE,aged>'014' et tact='11',FHM,FHM,Principale,ACT T1,x,x,x,x,x,x,x,x,x,x,x,x,x,x,x,
POP,STATR-TP,aged>'014' et tact='11',FHM,FHM,Principale,ACT T1,x,x,x,x,x,x,x,x,x,x,x,x,x,x,x,
POP,STOCD,catl='1',FHM,FHM,Principale,LOG T7,x,x,x,x,x,x,x,x,x,x,x,x,x,x,x,
POP,TACTR,aged>'014' et aged<'065',FHM,FHM,Principale,EMP T1,x,x,x,x,x,x,x,x,x,x,x,x,x,x,x,
POP,TACTR_2,,FHM,FHM,Principale,EMP T5,,,,,,x,,x,x,x,x,x,x,x,x,
POP,TACTR_2-AGE4,,FHM,FHM,Principale,EMP T5,x,x,x,x,x,x,x,,,,,,,x,,
POP,TACTR_2-AGEMEN8_A,,FHM,FHM,Principale,EMP T5,,,,,,,,x,x,x,x,x,x,,x,
POP,TACTR_2-SEXE-AGE3,,FHM,FHM,Principale,EMP T2,x,x,x,x,x,x,x,x,x,x,x,x,x,x,x,
POP,TACTR99,aged>'014' et aged<'065',FHM,FHM,Principale,EMP T1,,,,,,,,,,,,,,,,x
POP,TACTR99_2-AGE4,,FHM,FHM,Principale,EMP T5,,,,,,,,,,,,,,,,x
POP,TF4,catl='1' et typmr>='31' et typmr<='44',FHM,FHM_P2000,Complémentaire,FAM T1,x,x,x,x,x,x,x,x,x,x,x,x,x,x,x,x
POP,TRANS_19,aged>'014' et tact='11',FHM,FHM,Principale,ACT G2,x,,,,,,,,,,,,,,,
POP,TRANS,aged>'014' et tact='11',FHM,FHM,Principale,ACT G2,,x,x,x,x,x,x,x,x,,,,,,,
POP,TYPMR,catl='1',FHM,FHM_P2000,Complémentaire,FAM T1,x,x,x,x,x,x,x,x,x,x,x,x,x,x,x,x
POPMEN,AGEMEN8_A,,FHM,FHM,Principale,FAM G2,x,x,x,x,x,x,x,x,x,x,x,x,x,x,x,x
